[Licensing::Module] Trying to connect to existing licensing client channel...
Built from '6000.5/staging' branch; Version is '6000.5.8f1 (5cb7df797b7d) revision 6076383'; Using compiler version '194234433'; Build Type 'Release'
OS: 'Windows 10  (10.0.19041) 64bit Professional' Language: 'en' Physical Memory: 32639 MB
BatchMode: 1, IsHumanControllingUs: 0, StartBugReporterOnCrash: 0, Is64bit: 1
[Licensing::IpcConnector] Channel LicenseClient-quanla doesn't exist
System  architecture: x64
Process architecture: x64
Date: 2026-09-13T08:23:00Z
[Licensing::Module] Successfully launched the LicensingClient (PId: 21336)

COMMAND LINE ARGUMENTS:
C:\Program Files\Unity\Hub\Editor\6000.5.8f1\Editor\Unity.exe
-quit
-batchmode
-nographics
-accept-apiupdate
-projectPath
E:\Document\Game\pvz2_fusion
-executeMethod
BuildTools.BuildWindows
-buildOutput
E:\Document\Game\pvz2_fusion\Build\PvZ2Fusion\PvZ2Fusion.exe
-logFile
E:\Document\Game\pvz2_fusion\build.log
Successfully changed project path to: E:\Document\Game\pvz2_fusion
E:/Document/Game/pvz2_fusion
[UnityMemory] Configuration Parameters - Can be set up in boot.config
    "memorysetup-temp-allocator-size-gi-baking-worker=262144"
    "memorysetup-temp-allocator-size-gi-baking-worker=262144"
    "memorysetup-temp-allocator-size-gi-baking-worker=262144"
    "memorysetup-temp-allocator-size-gi-baking-worker=262144"
    "memorysetup-temp-allocator-size-gi-baking-worker=262144"
    "memorysetup-temp-allocator-size-nav-mesh-worker=65536"
    "memorysetup-temp-allocator-size-audio-worker=65536"
    "memorysetup-temp-allocator-size-cloud-worker=32768"
    "memorysetup-temp-allocator-size-gfx=262144"
    "memorysetup-temp-allocator-size-preload-manager=33554432"
    "memorysetup-allocator-temp-initial-block-size-main=262144"
    "memorysetup-allocator-temp-initial-block-size-worker=262144"
    "memorysetup-temp-allocator-size-job-worker=262144"
    "memorysetup-temp-allocator-size-background-worker=32768"
    "memorysetup-bucket-allocator-granularity=16"
    "memorysetup-bucket-allocator-bucket-count=8"
    "memorysetup-bucket-allocator-block-size=33554432"
    "memorysetup-bucket-allocator-block-count=8"
    "memorysetup-main-allocator-block-size=16777216"
    "memorysetup-thread-allocator-block-size=16777216"
    "memorysetup-main-allocator-mimalloc-enabled=0"
    "memorysetup-gfx-main-allocator-block-size=16777216"
    "memorysetup-gfx-thread-allocator-block-size=16777216"
    "memorysetup-cache-allocator-block-size=4194304"
    "memorysetup-typetree-allocator-block-size=2097152"
    "memorysetup-profiler-bucket-allocator-granularity=16"
    "memorysetup-profiler-bucket-allocator-bucket-count=8"
    "memorysetup-profiler-bucket-allocator-block-size=33554432"
    "memorysetup-profiler-bucket-allocator-block-count=8"
    "memorysetup-profiler-allocator-block-size=16777216"
    "memorysetup-profiler-editor-allocator-block-size=1048576"
    "memorysetup-temp-allocator-size-main=16777216"
    "memorysetup-job-temp-allocator-block-size=2097152"
    "memorysetup-job-temp-allocator-block-size-background=1048576"
    "memorysetup-job-temp-allocator-reduction-small-platforms=262144"
Logging is directed to a specific file, skipping project log.Player connection [22136]  Target information:

Player connection [22136]  * "[IP] 10.1.117.138 [Port] 55504 [Flags] 2 [Guid] 3414124348 [EditorId] 3414124348 [Version] 1048832 [Id] WindowsEditor(7,TTPM-LONGDV) [Debug] 1 [PackageName] WindowsEditor [ProjectName] Editor" 

Player connection [22136]  * "[IP] 172.25.112.1 [Port] 55504 [Flags] 2 [Guid] 3414124348 [EditorId] 3414124348 [Version] 1048832 [Id] WindowsEditor(7,TTPM-LONGDV) [Debug] 1 [PackageName] WindowsEditor [ProjectName] Editor" 

Player connection [22136]  * "[IP] 192.168.184.1 [Port] 55504 [Flags] 2 [Guid] 3414124348 [EditorId] 3414124348 [Version] 1048832 [Id] WindowsEditor(7,TTPM-LONGDV) [Debug] 1 [PackageName] WindowsEditor [ProjectName] Editor" 

Player connection [22136]  * "[IP] 192.168.179.1 [Port] 55504 [Flags] 2 [Guid] 3414124348 [EditorId] 3414124348 [Version] 1048832 [Id] WindowsEditor(7,TTPM-LONGDV) [Debug] 1 [PackageName] WindowsEditor [ProjectName] Editor" 

Player connection [22136] Host joined multi-casting on [225.0.0.222:54997]...
Player connection [22136] Host joined alternative multi-casting on [225.0.0.222:34997]...
Input System module state changed to: Initialized.
[Physics::Module] Initialized fallback backend.
[Physics::Module] Id: 0xdecafbad
[Package Manager] Connected to IPC stream "Upm-2224" after 0.2 seconds.
[Licensing::Module] Licensing is not yet initialized.
[Licensing::IpcConnector] Successfully connected to: "LicenseClient-quanla" at "2026-09-13T08:23:02.9611839Z"
[Licensing::Client] Code 10 while verifying Licensing Client signature (process Id: 21336, path: "C:/Program Files/Unity/Hub/Editor/6000.5.8f1/Editor/Data/Resources/Licensing/Client/Unity.Licensing.Client.exe")
[Licensing::Module] LicensingClient has failed validation; ignoring
[Licensing::Client] Handshaking with LicensingClient:
  Version:                 1.18.1+9fbee8e
  Session Id:              73f6d7c56341483faf33c64fd79b0f5a
  Correlation Id:          3fa5f37d5579671b643a1c8fe1b3bee9
  External correlation Id: 1833217161914513567
  Machine Id:              WnBCEWIvXVOMctkXH+IGsFjsT1o=
[Licensing::Module] Successfully connected to LicensingClient on channel: "LicenseClient-quanla" (connect: 2.91s, validation: 0.18s, handshake: 0.14s)
[Licensing::IpcConnector] Successfully connected to: "LicenseClient-quanla-notifications" at "2026-09-13T08:23:03.2836638Z"
[Licensing::Module] Connected to LicensingClient (PId: 21336, launch time: 0.03, total connection time: 3.23s)
[Licensing::Module] Error: Access token is unavailable; failed to update
[Licensing::Client] Successfully resolved entitlement details
[Licensing::Module] License group:
  Id: F4-JE3Z-VRH9-6DGD-GWWN-XXXX
  Product: Unity Personal
  Type: ULF
  Expiration: 2026-10-19T15:38:31Z
[Licensing::Module] License group:
  Id: 18968486332884-UnityPersXXXX
  Product: Unity Personal
  Type: Assigned
  Expiration: Unlimited
[Licensing::Client] Successfully updated license, isAsync: True, time: 0.01
[Licensing::Client] Successfully resolved entitlement details
[Licensing::Module] License group:
  Id: F4-JE3Z-VRH9-6DGD-GWWN-XXXX
  Product: Unity Personal
  Type: ULF
  Expiration: 2026-10-19T15:38:31Z
[Licensing::Module] License group:
  Id: 18968486332884-UnityPersXXXX
  Product: Unity Personal
  Type: Assigned
  Expiration: Unlimited
[Licensing::Module] Licensing Background thread has ended after 3.28s
[Licensing::Module] Licensing is initialized (took 2.19s).
[Licensing::Client] Successfully resolved entitlement details
[Licensing::Module] License group:
  Id: F4-JE3Z-VRH9-6DGD-GWWN-XXXX
  Product: Unity Personal
  Type: ULF
  Expiration: 2026-10-19T15:38:31Z
[Licensing::Module] License group:
  Id: 18968486332884-UnityPersXXXX
  Product: Unity Personal
  Type: Assigned
  Expiration: Unlimited
Library Redirect Path: Library/
[Physics::Module] Selected backend.
[Physics::Module] Name: PhysX
[Physics::Module] Id: 0xf2b8ea05
[Physics::Module] SDK Version: 4.1.2
[Physics::Module] Integration Version: 1.0.0
[Physics::Module] Threading Mode: Multi-Threaded
Artifact Garbage Collection - Removed 56 unused hashed content files
Initialize engine version: 6000.5.8f1 (5cb7df797b7d)
[Subsystems] Discovering subsystems at path C:/Program Files/Unity/Hub/Editor/6000.5.8f1/Editor/Data/Resources/UnitySubsystems
[Subsystems] Discovering subsystems at path E:/Document/Game/pvz2_fusion/Assets
Forcing GfxDevice: Null
GfxDevice: creating device client; kGfxThreadingModeNonThreaded
NullGfxDevice:
    Version:  NULL 1.0 [1.0]
    Renderer: Null Device
    Vendor:   Unity Technologies
Initialize mono
Mono path[0] = 'C:/Program Files/Unity/Hub/Editor/6000.5.8f1/Editor/Data/Managed'
Mono path[1] = 'C:/Program Files/Unity/Hub/Editor/6000.5.8f1/Editor/Data/BCLExtensions/runtime/netstandard2.1'
Mono path[2] = 'C:/Program Files/Unity/Hub/Editor/6000.5.8f1/Editor/Data/MonoBleedingEdge/lib/mono/unityjit-win32'
Mono config path = 'C:/Program Files/Unity/Hub/Editor/6000.5.8f1/Editor/Data/MonoBleedingEdge/etc'
Using monoOptions --debugger-agent=transport=dt_socket,embedding=1,server=y,suspend=n,address=127.0.0.1:56224
CodeReloadManager initialized
ImportWorker Server TCP listen port: 0
AcceleratorClientConnectionCallback - disconnected - :0
Begin MonoManager ReloadAssembly
Registering precompiled unity dll's ...
Register platform support module: C:/Program Files/Unity/Hub/Editor/6000.5.8f1/Editor/Data/PlaybackEngines/WindowsStandaloneSupport/UnityEditor.WindowsStandalone.Extensions.dll
Registered in 0.253517 seconds.
Native extension for WindowsStandalone target not found
Package Manager log level set to [2]
ScheduleIndexationOnStartup MainProcess:False IndexOnStartup:True
Mono: successfully reloaded assembly
- Finished resetting the current domain, in  1.708 seconds
Domain Reload Profiling: 3915ms
	BeginReloadAssembly (352ms)
		CreateAndSetChildDomain (8ms)
	RebuildCommonClasses (5ms)
	RebuildNativeTypeToScriptingClass (21ms)
	initialDomainReloadingComplete (486ms)
	LoadAllAssembliesAndSetupDomain (1342ms)
		LoadAssemblies (331ms)
		AnalyzeDomain (1231ms)
			TypeCache.Refresh (1229ms)
				TypeCache.ScanAssembly (975ms)
	FinalizeReload (1709ms)
		SetupLoadedEditorAssemblies (0ms)
			BeforeProcessingInitializeOnLoad (99ms)
			ProcessInitializeOnLoadAttributes (121ms)
			ProcessInitializeOnLoadMethodAttributes (1411ms)
[Licensing::Client] Successfully resolved entitlement details
[Licensing::Module] License group:
  Id: F4-JE3Z-VRH9-6DGD-GWWN-XXXX
  Product: Unity Personal
  Type: ULF
  Expiration: 2026-10-20T09:23:05Z
[Licensing::Module] License group:
  Id: 18968486332884-UnityPersXXXX
  Product: Unity Personal
  Type: Assigned
  Expiration: Unlimited
Application.AssetDatabase Initial Refresh Start
[Package Manager] Restoring resolved packages state from cache
[Licensing::Client] Successfully resolved entitlement details
[Package Manager] Registered 58 packages:
  Packages from [https://packages.unity.com]:
    com.unity.2d.animation@15.1.0 (location: E:\Document\Game\pvz2_fusion\Library\PackageCache\com.unity.2d.animation@6d5a363ae647)
    com.unity.2d.pixel-perfect@6.0.0 (location: E:\Document\Game\pvz2_fusion\Library\PackageCache\com.unity.2d.pixel-perfect@a860cb24a0cc)
    com.unity.2d.psdimporter@14.0.3 (location: E:\Document\Game\pvz2_fusion\Library\PackageCache\com.unity.2d.psdimporter@5d82044f9e43)
    com.unity.2d.spriteshape@15.0.3 (location: E:\Document\Game\pvz2_fusion\Library\PackageCache\com.unity.2d.spriteshape@fcb7ec61a58b)
    com.unity.ai.navigation@2.0.14 (location: E:\Document\Game\pvz2_fusion\Library\PackageCache\com.unity.ai.navigation@134dd6a3b97b)
    com.unity.collab-proxy@2.13.6 (location: E:\Document\Game\pvz2_fusion\Library\PackageCache\com.unity.collab-proxy@4628d2ba6ea4)
    com.unity.ide.rider@3.0.38 (location: E:\Document\Game\pvz2_fusion\Library\PackageCache\com.unity.ide.rider@1f60b3138684)
    com.unity.ide.visualstudio@2.0.26 (location: E:\Document\Game\pvz2_fusion\Library\PackageCache\com.unity.ide.visualstudio@a99d56dec63f)
    com.unity.ide.vscode@1.2.5 (location: E:\Document\Game\pvz2_fusion\Library\PackageCache\com.unity.ide.vscode@82e68656b7bd)
    com.unity.timeline@1.8.13 (location: E:\Document\Game\pvz2_fusion\Library\PackageCache\com.unity.timeline@3a22918286f5)
    com.unity.2d.common@14.0.1 (location: E:\Document\Game\pvz2_fusion\Library\PackageCache\com.unity.2d.common@73badf92ba8b)
    com.unity.burst@1.8.30 (location: E:\Document\Game\pvz2_fusion\Library\PackageCache\com.unity.burst@2f3d916873ea)
    com.unity.nuget.mono-cecil@1.11.6 (location: E:\Document\Game\pvz2_fusion\Library\PackageCache\com.unity.nuget.mono-cecil@ecb9724e46ff)
    com.unity.test-framework.performance@3.5.0 (location: E:\Document\Game\pvz2_fusion\Library\PackageCache\com.unity.test-framework.performance@8b56083ec0f0)
  Built-in packages:
    com.unity.2d.sprite@1.0.0 (location: E:\Document\Game\pvz2_fusion\Library\PackageCache\com.unity.2d.sprite@053a968eab56)
    com.unity.2d.tilemap@1.0.0 (location: E:\Document\Game\pvz2_fusion\Library\PackageCache\com.unity.2d.tilemap@b959501fd678)
    com.unity.multiplayer.center@1.0.1 (location: E:\Document\Game\pvz2_fusion\Library\PackageCache\com.unity.multiplayer.center@b860850997d0)
    com.unity.test-framework@1.7.0 (location: E:\Document\Game\pvz2_fusion\Library\PackageCache\com.unity.test-framework@1405238725ab)
    com.unity.ugui@2.5.0 (location: E:\Document\Game\pvz2_fusion\Library\PackageCache\com.unity.ugui@1c4864518158)
    com.unity.modules.accessibility@1.0.0 (location: E:\Document\Game\pvz2_fusion\Library\PackageCache\com.unity.modules.accessibility)
    com.unity.modules.adaptiveperformance@1.0.0 (location: E:\Document\Game\pvz2_fusion\Library\PackageCache\com.unity.modules.adaptiveperformance)
    com.unity.modules.ai@1.0.0 (location: E:\Document\Game\pvz2_fusion\Library\PackageCache\com.unity.modules.ai)
    com.unity.modules.androidjni@1.0.0 (location: E:\Document\Game\pvz2_fusion\Library\PackageCache\com.unity.modules.androidjni)
    com.unity.modules.animation@1.0.0 (location: E:\Document\Game\pvz2_fusion\Library\PackageCache\com.unity.modules.animation)
    com.unity.modules.assetbundle@1.0.0 (location: E:\Document\Game\pvz2_fusion\Library\PackageCache\com.unity.modules.assetbundle)
    com.unity.modules.audio@1.0.0 (location: E:\Document\Game\pvz2_fusion\Library\PackageCache\com.unity.modules.audio)
    com.unity.modules.cloth@1.0.0 (location: E:\Document\Game\pvz2_fusion\Library\PackageCache\com.unity.modules.cloth)
    com.unity.modules.director@1.0.0 (location: E:\Document\Game\pvz2_fusion\Library\PackageCache\com.unity.modules.director)
    com.unity.modules.imageconversion@1.0.0 (location: E:\Document\Game\pvz2_fusion\Library\PackageCache\com.unity.modules.imageconversion)
    com.unity.modules.imgui@1.0.0 (location: E:\Document\Game\pvz2_fusion\Library\PackageCache\com.unity.modules.imgui)
    com.unity.modules.jsonserialize@1.0.0 (location: E:\Document\Game\pvz2_fusion\Library\PackageCache\com.unity.modules.jsonserialize)
    com.unity.modules.particlesystem@1.0.0 (location: E:\Document\Game\pvz2_fusion\Library\PackageCache\com.unity.modules.particlesystem)
    com.unity.modules.physics@1.0.0 (location: E:\Document\Game\pvz2_fusion\Library\PackageCache\com.unity.modules.physics)
    com.unity.modules.physics2d@1.0.0 (location: E:\Document\Game\pvz2_fusion\Library\PackageCache\com.unity.modules.physics2d)
    com.unity.modules.physicscore2d@1.0.0 (location: E:\Document\Game\pvz2_fusion\Library\PackageCache\com.unity.modules.physicscore2d)
    com.unity.modules.screencapture@1.0.0 (location: E:\Document\Game\pvz2_fusion\Library\PackageCache\com.unity.modules.screencapture)
    com.unity.modules.terrain@1.0.0 (location: E:\Document\Game\pvz2_fusion\Library\PackageCache\com.unity.modules.terrain)
    com.unity.modules.terrainphysics@1.0.0 (location: E:\Document\Game\pvz2_fusion\Library\PackageCache\com.unity.modules.terrainphysics)
    com.unity.modules.tilemap@1.0.0 (location: E:\Document\Game\pvz2_fusion\Library\PackageCache\com.unity.modules.tilemap)
    com.unity.modules.ui@1.0.0 (location: E:\Document\Game\pvz2_fusion\Library\PackageCache\com.unity.modules.ui)
    com.unity.modules.uielements@1.0.0 (location: E:\Document\Game\pvz2_fusion\Library\PackageCache\com.unity.modules.uielements)
    com.unity.modules.umbra@1.0.0 (location: E:\Document\Game\pvz2_fusion\Library\PackageCache\com.unity.modules.umbra)
    com.unity.modules.unityanalytics@1.0.0 (location: E:\Document\Game\pvz2_fusion\Library\PackageCache\com.unity.modules.unityanalytics)
    com.unity.modules.unitywebrequest@1.0.0 (location: E:\Document\Game\pvz2_fusion\Library\PackageCache\com.unity.modules.unitywebrequest)
    com.unity.modules.unitywebrequestassetbundle@1.0.0 (location: E:\Document\Game\pvz2_fusion\Library\PackageCache\com.unity.modules.unitywebrequestassetbundle)
    com.unity.modules.unitywebrequestaudio@1.0.0 (location: E:\Document\Game\pvz2_fusion\Library\PackageCache\com.unity.modules.unitywebrequestaudio)
    com.unity.modules.unitywebrequesttexture@1.0.0 (location: E:\Document\Game\pvz2_fusion\Library\PackageCache\com.unity.modules.unitywebrequesttexture)
    com.unity.modules.unitywebrequestwww@1.0.0 (location: E:\Document\Game\pvz2_fusion\Library\PackageCache\com.unity.modules.unitywebrequestwww)
    com.unity.modules.vectorgraphics@1.0.0 (location: E:\Document\Game\pvz2_fusion\Library\PackageCache\com.unity.modules.vectorgraphics)
    com.unity.modules.vehicles@1.0.0 (location: E:\Document\Game\pvz2_fusion\Library\PackageCache\com.unity.modules.vehicles)
    com.unity.modules.video@1.0.0 (location: E:\Document\Game\pvz2_fusion\Library\PackageCache\com.unity.modules.video)
    com.unity.modules.wind@1.0.0 (location: E:\Document\Game\pvz2_fusion\Library\PackageCache\com.unity.modules.wind)
    com.unity.modules.xr@1.0.0 (location: E:\Document\Game\pvz2_fusion\Library\PackageCache\com.unity.modules.xr)
    com.unity.modules.subsystems@1.0.0 (location: E:\Document\Game\pvz2_fusion\Library\PackageCache\com.unity.modules.subsystems)
    com.unity.modules.hierarchycore@1.0.0 (location: E:\Document\Game\pvz2_fusion\Library\PackageCache\com.unity.modules.hierarchycore)
    com.unity.ext.nunit@2.1.0 (location: E:\Document\Game\pvz2_fusion\Library\PackageCache\com.unity.ext.nunit@44f7d31723bd)
    com.unity.mathematics@1.4.0 (location: E:\Document\Game\pvz2_fusion\Library\PackageCache\com.unity.mathematics@981956d94fb6)
    com.unity.collections@6.5.0 (location: E:\Document\Game\pvz2_fusion\Library\PackageCache\com.unity.collections@ec2c217e4cb2)
[Package Manager] com.unity.ide.vscode is deprecated: Visual Studio Code package is not supported anymore. You can continue to use it, but we won't provide any update anymore.
[Subsystems] No new subsystems found in resolved package list.
[Package Manager] Done registering packages in 0.02 seconds
[ScriptCompilation] Requested script compilation because: AssetDatabase observed changes in script compilation related files
Starting: C:\Program Files\Unity\Hub\Editor\6000.5.8f1\Editor\Data\Tools\BuildPipeline\bee_backend.exe --ipc --defer-dag-verification --dagfile="Library/Bee/1900b0aE.dag" --continue-on-failure --profile="Library/Bee/backend1.traceevents" ScriptAssemblies
WorkingDir: E:/Document/Game/pvz2_fusion
DisplayProgressbar: Compiling Scripts
ExitCode: 4 Duration: 3s65ms
[420/722    0s] WriteResponseFile Library/Bee/artifacts/rsp/4747638433968585886.rsp
Rebuilding DAG because FileSignature timestamp changed: Library/Bee/1900b0aE-inputdata.json
[581/722    0s] ILPP-Configuration Library/ilpp-configuration.nevergeneratedoutput
*** Tundra requires additional run (3.02 seconds), 3 items updated, 580 evaluated
Starting: C:\Program Files\Unity\Hub\Editor\6000.5.8f1\Editor\Data\netcorerun\netcorerun.exe "C:\Program Files\Unity\Hub\Editor\6000.5.8f1\Editor\Data\Tools\BuildPipeline\ScriptCompilationBuildProgram.exe" "Library/Bee/1900b0aE.dag.json" "Library/Bee/1900b0aE-inputdata.json" "Library\Bee\buildprogram0.traceevents"
WorkingDir: E:/Document/Game/pvz2_fusion
ExitCode: 0 Duration: 2s182ms
Starting: C:\Program Files\Unity\Hub\Editor\6000.5.8f1\Editor\Data\Tools\BuildPipeline\bee_backend.exe --ipc --defer-dag-verification --dagfile="Library/Bee/1900b0aE.dag" --continue-on-failure --dagfilejson="Library\Bee\1900b0aE.dag.json" --profile="Library/Bee/backend2.traceevents" ScriptAssemblies
WorkingDir: E:/Document/Game/pvz2_fusion
ExitCode: 0 Duration: 3s988ms
Finished compiling graph: 725 nodes, 12791 flattened edges (10825 ToBuild, 106 ToUse), maximum node priority 741
[420/722    0s] WriteText Library/Bee/artifacts/1900b0aE.dag/Assembly-CSharp.rsp
[581/722    0s] ILPP-Configuration Library/ilpp-configuration.nevergeneratedoutput
[714/722    0s] Csc Library/Bee/artifacts/1900b0aE.dag/Assembly-CSharp.dll (+2 others)
Assets\Resources\Scripts\Arena\ArenaCombat.cs(420,51): warning CS0618: 'FindObjectsSortMode' is obsolete: 'FindObjectsSortMode has been deprecated. Use the FindObjectsByType overloads that do not take a FindObjectsSortMode parameter.'

Assets\Resources\Scripts\Arena\ArenaCombat.cs(420,13): warning CS0618: 'Object.FindObjectsByType<T>(FindObjectsSortMode)' is obsolete: 'FindObjectsByType with FindObjectsSortMode parameter has been deprecated. Use FindObjectsByType<T>() or FindObjectsByType<T>(FindObjectsInactive) instead. InstanceID will be replaced in the future with EntityId and previous sort order cannot be maintained.'

Assets\Resources\Scripts\AI\GameStateCollector.cs(87,58): warning CS0618: 'FindObjectsSortMode' is obsolete: 'FindObjectsSortMode has been deprecated. Use the FindObjectsByType overloads that do not take a FindObjectsSortMode parameter.'

Assets\Resources\Scripts\AI\GameStateCollector.cs(87,29): warning CS0618: 'Object.FindObjectsByType<T>(FindObjectsSortMode)' is obsolete: 'FindObjectsByType with FindObjectsSortMode parameter has been deprecated. Use FindObjectsByType<T>() or FindObjectsByType<T>(FindObjectsInactive) instead. InstanceID will be replaced in the future with EntityId and previous sort order cannot be maintained.'
[715/722    1s] ILPostProcess Library/Bee/artifacts/1900b0aE.dag/post-processed/Assembly-CSharp.dll (+pdb)
Processing assembly Library/Bee/artifacts/1900b0aE.dag/Assembly-CSharp.dll, with 142 defines and 321 references

processors: Unity.Jobs.CodeGen.JobsILPostProcessor, zzzUnity.Burst.CodeGen.BurstILPostProcessor

running Unity.Jobs.CodeGen.JobsILPostProcessor

running zzzUnity.Burst.CodeGen.BurstILPostProcessor
[716/722    0s] CopyFiles Library/ScriptAssemblies/Assembly-CSharp.pdb
[717/722    0s] CopyFiles Library/ScriptAssemblies/Assembly-CSharp.dll
[718/722    2s] Csc Library/Bee/artifacts/1900b0aE.dag/Assembly-CSharp-Editor.dll (+2 others)
Assets\Editor\AIAdvisorSetupEditor.cs(251,62): warning CS0618: 'FindObjectsSortMode' is obsolete: 'FindObjectsSortMode has been deprecated. Use the FindObjectsByType overloads that do not take a FindObjectsSortMode parameter.'

Assets\Editor\AIAdvisorSetupEditor.cs(251,29): warning CS0618: 'Object.FindObjectsByType<T>(FindObjectsSortMode)' is obsolete: 'FindObjectsByType with FindObjectsSortMode parameter has been deprecated. Use FindObjectsByType<T>() or FindObjectsByType<T>(FindObjectsInactive) instead. InstanceID will be replaced in the future with EntityId and previous sort order cannot be maintained.'
[719/722    0s] ILPostProcess Library/Bee/artifacts/1900b0aE.dag/post-processed/Assembly-CSharp-Editor.dll (+pdb)
Processing assembly Library/Bee/artifacts/1900b0aE.dag/Assembly-CSharp-Editor.dll, with 140 defines and 340 references

processors: Unity.Jobs.CodeGen.JobsILPostProcessor, zzzUnity.Burst.CodeGen.BurstILPostProcessor

running Unity.Jobs.CodeGen.JobsILPostProcessor

running zzzUnity.Burst.CodeGen.BurstILPostProcessor
[720/722    0s] CopyFiles Library/ScriptAssemblies/Assembly-CSharp-Editor.pdb
[721/722    0s] CopyFiles Library/ScriptAssemblies/Assembly-CSharp-Editor.dll
*** Tundra build success (3.96 seconds), 10 items updated, 722 evaluated
Assets\Resources\Scripts\Arena\ArenaCombat.cs(420,51): warning CS0618: 'FindObjectsSortMode' is obsolete: 'FindObjectsSortMode has been deprecated. Use the FindObjectsByType overloads that do not take a FindObjectsSortMode parameter.'
Assets\Resources\Scripts\Arena\ArenaCombat.cs(420,13): warning CS0618: 'Object.FindObjectsByType<T>(FindObjectsSortMode)' is obsolete: 'FindObjectsByType with FindObjectsSortMode parameter has been deprecated. Use FindObjectsByType<T>() or FindObjectsByType<T>(FindObjectsInactive) instead. InstanceID will be replaced in the future with EntityId and previous sort order cannot be maintained.'
Assets\Resources\Scripts\AI\GameStateCollector.cs(87,58): warning CS0618: 'FindObjectsSortMode' is obsolete: 'FindObjectsSortMode has been deprecated. Use the FindObjectsByType overloads that do not take a FindObjectsSortMode parameter.'
Assets\Resources\Scripts\AI\GameStateCollector.cs(87,29): warning CS0618: 'Object.FindObjectsByType<T>(FindObjectsSortMode)' is obsolete: 'FindObjectsByType with FindObjectsSortMode parameter has been deprecated. Use FindObjectsByType<T>() or FindObjectsByType<T>(FindObjectsInactive) instead. InstanceID will be replaced in the future with EntityId and previous sort order cannot be maintained.'
Assets\Editor\AIAdvisorSetupEditor.cs(251,62): warning CS0618: 'FindObjectsSortMode' is obsolete: 'FindObjectsSortMode has been deprecated. Use the FindObjectsByType overloads that do not take a FindObjectsSortMode parameter.'
Assets\Editor\AIAdvisorSetupEditor.cs(251,29): warning CS0618: 'Object.FindObjectsByType<T>(FindObjectsSortMode)' is obsolete: 'FindObjectsByType with FindObjectsSortMode parameter has been deprecated. Use FindObjectsByType<T>() or FindObjectsByType<T>(FindObjectsInactive) instead. InstanceID will be replaced in the future with EntityId and previous sort order cannot be maintained.'
AssetDatabase: script compilation time: 10.175724s
Total cache size 63332140
Total cache size after purge 63332140, took 00:00:00.2473480
Begin MonoManager ReloadAssembly
Refreshing native plugins compatible for Editor in 67.57 ms, found 4 plugins.
Native extension for WindowsStandalone target not found
Refreshing native plugins compatible for Editor in 2.12 ms, found 4 plugins.
ScheduleIndexationOnStartup MainProcess:True IndexOnStartup:True
Mono: successfully reloaded assembly
- Finished resetting the current domain, in  3.130 seconds
Domain Reload Profiling: 5608ms
	BeginReloadAssembly (334ms)
		DisableScriptedObjects (30ms)
		CreateAndSetChildDomain (49ms)
	RebuildCommonClasses (10ms)
	RebuildNativeTypeToScriptingClass (24ms)
	initialDomainReloadingComplete (119ms)
	LoadAllAssembliesAndSetupDomain (1990ms)
		LoadAssemblies (1869ms)
		AnalyzeDomain (171ms)
			TypeCache.Refresh (133ms)
				TypeCache.ScanAssembly (124ms)
			BuildScriptInfoCaches (34ms)
	FinalizeReload (3131ms)
		SetupLoadedEditorAssemblies (0ms)
			BeforeProcessingInitializeOnLoad (99ms)
			ProcessInitializeOnLoadAttributes (2645ms)
			ProcessInitializeOnLoadMethodAttributes (139ms)
			AfterProcessingInitializeOnLoad (29ms)
		AwakeInstancesAfterBackupRestoration (39ms)
Starting new worker id: 0 with log in E:/Document/Game/pvz2_fusion/Logs/AssetImportWorkerHW0.log
Refreshing native plugins compatible for Editor in 2.27 ms, found 4 plugins.

Asset Pipeline Refresh (id=4e441e96c392ea9418fe2e4bafcd6024): Total: 22.477 seconds - Initiated by InitialRefreshV2(ForceSynchronousImport)
	(Values over 0.05ms)
	Summary:
		Imports: total=0 (actual=0, local cache=0, cache server=0)
		Asset DB Process Time: managed=0 ms, native=9455 ms
		Asset DB Callback time: managed=147 ms, native=44 ms
		Scripting: domain reloads=1, domain reload time=2591 ms, compile time=10180 ms, other=57 ms
		Project Asset Count: scripts=967, non-scripts=2786
		Asset File Changes: new=2, changed=3, moved=0, deleted=0
		Scan Filter Count: 0
	InvokePackagesCallback: 42.864ms
	ApplyChangesToAssetFolders: 0.713ms
	Scan: 107.037ms
	Collect global state as custom dependencies: 12.146ms
	OnSourceAssetsModified: 0.666ms
	CategorizeScriptCompilationAssets: 1421.770ms
	ProcessAssetsWithTransientArtifactChanges: 48.760ms
	CategorizeAssets: 29.159ms
	CompileScripts: 10179.685ms
	ImportOutOfDateAssets: 3394.626ms (3233.006ms without children)
		UnloadImportedAssets: 0.140ms
		EnsureUptoDateAssetsAreRegisteredWithGuidPM: 0.597ms
		ImportSchedulerStart: 160.881ms
	PostProcessAllAssets: 148.560ms
		VCAutoAddAssetPostprocess 1.087ms
		XRBuildSystem.XRAssetImported 0.365ms
		MonoPostProcessAllAssets: 146.516ms
			AssetPostprocessor.OnPostprocessAllAssets 81.161ms
			StyleCatalogPostProcessor.OnPostprocessAllAssets 19.714ms
			WindowAssetPostprocessingWatcher.OnPostprocessAllAssets 9.671ms
			BuilderAssetPostprocessor.OnPostprocessAllAssets 6.264ms
			SpriteSlicePostprocessor.OnPostprocessAllAssets 2.926ms
			AssetChangedListener.OnPostprocessAllAssets 1.564ms
			RetainedModeAssetPostprocessor.OnPostprocessAllAssets 1.396ms
			EditModeScopePostprocessor.OnPostprocessAllAssets 1.034ms
			SpeedTree9Postprocessor.OnPostprocessAllAssets 0.882ms
			ArtifactBrowserPostProcessor.OnPostprocessAllAssets 0.795ms
			TextAssetPostProcessor.OnPostprocessAllAssets 0.677ms
			SpriteEditorTexturePostprocessor.OnPostprocessAllAssets 0.614ms
			SpriteShapeAssetPostProcessor.OnPostprocessAllAssets 0.491ms
			UVCSAssetPostprocessor.OnPostprocessAllAssets 0.382ms
			AudioMixerPostprocessor.OnPostprocessAllAssets 0.346ms
			ReferencedClipsPostProcessor.OnPostprocessAllAssets 0.345ms
			SpriteLibraryAssetPostprocessor.OnPostprocessAllAssets 0.338ms
			AssetProcessor.OnPostprocessAllAssets 0.307ms
			TMPro_TexturePostProcessor.OnPostprocessAllAssets 0.294ms
			AssetEvents.OnPostprocessAllAssets 0.261ms
			TerrainToolbarOverlayPostProcessor.OnPostprocessAllAssets 0.237ms
			AssetDatabaseCallbacks.OnPostprocessAllAssets 0.194ms
			SamplePostprocessor.OnPostprocessAllAssets 0.183ms
			PSDImportPostProcessor.OnPostprocessAllAssets 0.171ms
			SpeedTreePostProcessor.OnPostprocessAllAssets 0.171ms
			ConfigAssetsTracker.OnPostprocessAllAssets 0.166ms
			ScenarioDriftAssetsTracker.OnPostprocessAllAssets 0.145ms
			PSDImporterAssetPostProcessor.OnPostprocessAllAssets 0.135ms
			AssetReloadNotifier.OnPostprocessAllAssets 0.126ms
			RenderPipelineGlobalSettingsPostprocessor.OnPostprocessAllAssets 0.121ms
			SyncVS.PostprocessSyncProject 0.118ms
			AudioContainerPostProcessor.OnPostprocessAllAssets 0.088ms
	PostAssetChangesProfiler: 4.012ms
	UnloadStreamsBegin: 2.071ms
	PersistCurrentRevisions: 0.139ms
	GenerateScriptTypeHashes: 2.600ms
	GenerateScriptTypeSerializationHashes: 5.119ms
	Untracked: 7079.135ms

Application.AssetDatabase Initial Refresh End
Scanning for USB devices : 3.338ms
Initializing Unity extensions:
[MODES] ModeService[none].Initialize
[MODES] ModeService[none].LoadModes
[MODES] Loading mode Default (0) for mode-current-id-Plants vs. Zombies New Journey
Unloading 4 Unused Serialized files (Serialized files now loaded: 0)
Unloading 3287 unused Assets / (2.1 MB). Loaded Objects now: 4068.
Memory consumption went from 301.4 MB to 299.4 MB.
Total: 16.028600 ms (FindLiveObjects: 0.393800 ms CreateObjectMapping: 1.556500 ms MarkObjects: 12.735400 ms  DeleteObjects: 1.340200 ms)

Bắt đầu build ra: E:\Document\Game\pvz2_fusion\Build\PvZ2Fusion\PvZ2Fusion.exe với 3 scene.
UnityEngine.Debug:ExtractStackTraceNoAlloc (byte*,int,string)
UnityEngine.StackTraceUtility:ExtractStackTrace ()
UnityEngine.DebugLogHandler:Internal_Log (UnityEngine.LogType,UnityEngine.LogOption,string,UnityEngine.Object)
UnityEngine.DebugLogHandler:LogFormat (UnityEngine.LogType,UnityEngine.Object,string,object[])
UnityEngine.Logger:Log (UnityEngine.LogType,object)
UnityEngine.Debug:Log (object)
BuildTools:Build (string) (at Assets/Editor/BuildTools.cs:63)
BuildTools:BuildWindows () (at Assets/Editor/BuildTools.cs:34)

(Filename: Assets/Editor/BuildTools.cs Line: 63)

[TestRunBuilder] Creating new file 'Assets/Resources/PerformanceTestRunInfo.json' (2882 bytes)
UnityEngine.Debug:ExtractStackTraceNoAlloc (byte*,int,string)
UnityEngine.StackTraceUtility:ExtractStackTrace ()
UnityEngine.DebugLogHandler:Internal_Log (UnityEngine.LogType,UnityEngine.LogOption,string,UnityEngine.Object)
UnityEngine.DebugLogHandler:LogFormat (UnityEngine.LogType,UnityEngine.Object,string,object[])
UnityEngine.Logger:Log (UnityEngine.LogType,object)
UnityEngine.Debug:Log (object)
Unity.PerformanceTesting.Editor.TestRunBuilder:SaveToStorage (object,string) (at ./Library/PackageCache/com.unity.test-framework.performance@8b56083ec0f0/Editor/TestRunBuilder.cs:242)
Unity.PerformanceTesting.Editor.TestRunBuilder:OnPreprocessBuild (UnityEditor.Build.Reporting.BuildReport) (at ./Library/PackageCache/com.unity.test-framework.performance@8b56083ec0f0/Editor/TestRunBuilder.cs:35)
UnityEditor.Build.BuildPipelineInterfaces/<>c__DisplayClass17_0:<OnBuildPreProcess>b__1 (UnityEditor.Build.IPreprocessBuildWithReport)
UnityEditor.Build.BuildPipelineInterfaces:InvokeCallbackInterfacesPair<UnityEditor.Build.IPreprocessBuild, UnityEditor.Build.IPreprocessBuildWithReport> (System.Collections.Generic.List`1<UnityEditor.Build.IPreprocessBuild>,System.Action`1<UnityEditor.Build.IPreprocessBuild>,System.Collections.Generic.List`1<UnityEditor.Build.IPreprocessBuildWithReport>,System.Action`1<UnityEditor.Build.IPreprocessBuildWithReport>,bool)
UnityEditor.Build.BuildPipelineInterfaces:OnBuildPreProcess (UnityEditor.Build.Reporting.BuildReport)
UnityEditor.BuildPipeline:BuildPlayerInternal (string[],string,string,UnityEditor.BuildTargetGroup,UnityEditor.BuildTarget,int,UnityEditor.BuildOptions,string[],string[],bool)
UnityEditor.BuildPipeline:BuildPlayer (UnityEditor.BuildPlayerOptions)
BuildTools:Build (string) (at Assets/Editor/BuildTools.cs:65)
BuildTools:BuildWindows () (at Assets/Editor/BuildTools.cs:34)

(Filename: ./Library/PackageCache/com.unity.test-framework.performance@8b56083ec0f0/Editor/TestRunBuilder.cs Line: 242)

[TestRunBuilder] Creating new file 'Assets/Resources/PerformanceTestRunSettings.json' (23 bytes)
UnityEngine.Debug:ExtractStackTraceNoAlloc (byte*,int,string)
UnityEngine.StackTraceUtility:ExtractStackTrace ()
UnityEngine.DebugLogHandler:Internal_Log (UnityEngine.LogType,UnityEngine.LogOption,string,UnityEngine.Object)
UnityEngine.DebugLogHandler:LogFormat (UnityEngine.LogType,UnityEngine.Object,string,object[])
UnityEngine.Logger:Log (UnityEngine.LogType,object)
UnityEngine.Debug:Log (object)
Unity.PerformanceTesting.Editor.TestRunBuilder:SaveToStorage (object,string) (at ./Library/PackageCache/com.unity.test-framework.performance@8b56083ec0f0/Editor/TestRunBuilder.cs:242)
Unity.PerformanceTesting.Editor.TestRunBuilder:OnPreprocessBuild (UnityEditor.Build.Reporting.BuildReport) (at ./Library/PackageCache/com.unity.test-framework.performance@8b56083ec0f0/Editor/TestRunBuilder.cs:38)
UnityEditor.Build.BuildPipelineInterfaces/<>c__DisplayClass17_0:<OnBuildPreProcess>b__1 (UnityEditor.Build.IPreprocessBuildWithReport)
UnityEditor.Build.BuildPipelineInterfaces:InvokeCallbackInterfacesPair<UnityEditor.Build.IPreprocessBuild, UnityEditor.Build.IPreprocessBuildWithReport> (System.Collections.Generic.List`1<UnityEditor.Build.IPreprocessBuild>,System.Action`1<UnityEditor.Build.IPreprocessBuild>,System.Collections.Generic.List`1<UnityEditor.Build.IPreprocessBuildWithReport>,System.Action`1<UnityEditor.Build.IPreprocessBuildWithReport>,bool)
UnityEditor.Build.BuildPipelineInterfaces:OnBuildPreProcess (UnityEditor.Build.Reporting.BuildReport)
UnityEditor.BuildPipeline:BuildPlayerInternal (string[],string,string,UnityEditor.BuildTargetGroup,UnityEditor.BuildTarget,int,UnityEditor.BuildOptions,string[],string[],bool)
UnityEditor.BuildPipeline:BuildPlayer (UnityEditor.BuildPlayerOptions)
BuildTools:Build (string) (at Assets/Editor/BuildTools.cs:65)
BuildTools:BuildWindows () (at Assets/Editor/BuildTools.cs:34)

(Filename: ./Library/PackageCache/com.unity.test-framework.performance@8b56083ec0f0/Editor/TestRunBuilder.cs Line: 242)

Launched and connected shader compiler UnityShaderCompiler.exe after 0.03 seconds
Starting: C:\Program Files\Unity\Hub\Editor\6000.5.8f1\Editor\Data\Tools\BuildPipeline\bee_backend.exe --ipc --defer-dag-verification --dagfile="Library/Bee/1900b0aESkipCompile.dag" --continue-on-failure --profile="Library/Bee/backend1.traceevents" ScriptAssembliesAndTypeDB
WorkingDir: E:/Document/Game/pvz2_fusion
Worker ready: AssetImportWorkerHW0 0
ExitCode: 0 Duration: 1s274ms
[2/3        1s] BuildPlayerDataGenerator Library/BuildPlayerData/Editor/TypeDb-All.json
*** Tundra build success (1.24 seconds), 1 items updated, 3 evaluated
Importing 'GUID: 5489a203523d7ae43b4374b2bccf0461 - Path: Assets/Resources/PerformanceTestRunSettings.json' with importer (TextScriptImporter)
Imported 'GUID: 5489a203523d7ae43b4374b2bccf0461' -> (Import Result ID: 'adaa284b813fdfc7010bbe6769ab66d6') in 0.023 seconds [static dependencies only]. Details - ImportResultOutputID=4f79426a89f5b3c9b5770f16b6302649 DependenciesID=a32a721578236f47af9d30b40622078c StaticDependenciesID=39be54bb60fedc26fd29e6aa3b1e7d55 
Importing 'GUID: 572cdd768ff0fb140a7dd4982dbce9e7 - Path: Assets/Resources/PerformanceTestRunInfo.json' with importer (TextScriptImporter)
Imported 'GUID: 572cdd768ff0fb140a7dd4982dbce9e7' -> (Import Result ID: 'f41ce02c9e65241ea9cc25cd36c82cc3') in 0.008 seconds [static dependencies only]. Details - ImportResultOutputID=5adb972bfcfd87d01ddf84f6e40a5fbe DependenciesID=1ed253cc65646047b201756897960674 StaticDependenciesID=8f6606d7c9f107d5810eb648ead49f9e 
Refreshing native plugins compatible for Editor in 2.40 ms, found 4 plugins.
Asset Pipeline Refresh (id=e61f0543f29b40346820a105099e646e): Total: 0.101 seconds - Initiated by RefreshV2(NoUpdateAssetOptions)
[ScriptCompilation] Requested script compilation because: Recompiling scripts for player build.
BuildPlayer: start building target 19
Starting: C:\Program Files\Unity\Hub\Editor\6000.5.8f1\Editor\Data\Tools\BuildPipeline\bee_backend.exe --ipc --defer-dag-verification --dagfile="Library/Bee/1900b0aP.dag" --continue-on-failure --profile="Library/Bee/backend1.traceevents" ScriptAssembliesAndTypeDB
WorkingDir: E:/Document/Game/pvz2_fusion
Total cache size 63332140
Total cache size after purge 63332140, took 00:00:00.2676715
ExitCode: 4 Duration: 3s798ms
[361/482    0s] WriteResponseFile Library/Bee/artifacts/rsp/4747638433968585886.rsp
Rebuilding DAG because FileSignature timestamp changed: Library/Bee/1900b0aP-inputdata.json
[430/482    0s] ILPP-Configuration Library/ilpp-configuration.nevergeneratedoutput
*** Tundra requires additional run (3.76 seconds), 3 items updated, 429 evaluated
Starting: C:\Program Files\Unity\Hub\Editor\6000.5.8f1\Editor\Data\netcorerun\netcorerun.exe "C:\Program Files\Unity\Hub\Editor\6000.5.8f1\Editor\Data\Tools\BuildPipeline\ScriptCompilationBuildProgram.exe" "Library/Bee/1900b0aP.dag.json" "Library/Bee/1900b0aP-inputdata.json" "Library\Bee\buildprogram0.traceevents"
WorkingDir: E:/Document/Game/pvz2_fusion
ExitCode: 0 Duration: 0s523ms
Starting: C:\Program Files\Unity\Hub\Editor\6000.5.8f1\Editor\Data\Tools\BuildPipeline\bee_backend.exe --ipc --defer-dag-verification --dagfile="Library/Bee/1900b0aP.dag" --continue-on-failure --dagfilejson="Library\Bee\1900b0aP.dag.json" --profile="Library/Bee/backend2.traceevents" ScriptAssembliesAndTypeDB
WorkingDir: E:/Document/Game/pvz2_fusion
ExitCode: 0 Duration: 2s996ms
Finished compiling graph: 483 nodes, 4643 flattened edges (4033 ToBuild, 50 ToUse), maximum node priority 201
[361/482    0s] WriteText Library/Bee/artifacts/1900b0aP.dag/Assembly-CSharp.rsp
[430/482    0s] ILPP-Configuration Library/ilpp-configuration.nevergeneratedoutput
[446/482    0s] CopyFiles Library/Bee/PlayerScriptAssemblies/Unity.Mathematics.dll
[447/482    0s] CopyFiles Library/Bee/PlayerScriptAssemblies/Unity.InternalAPIEngineBridge.001.dll
[448/482    0s] CopyFiles Library/Bee/PlayerScriptAssemblies/Unity.InternalAPIEngineBridge.004.dll
[449/482    0s] CopyFiles Library/Bee/PlayerScriptAssemblies/Unity.2D.PixelPerfect.dll
[450/482    0s] CopyFiles Library/Bee/PlayerScriptAssemblies/Unity.AI.Navigation.dll
[451/482    0s] CopyFiles Library/Bee/PlayerScriptAssemblies/Unity.Multiplayer.Center.Common.dll
[452/482    0s] CopyFiles Library/Bee/PlayerScriptAssemblies/Unity.InternalAPIEngineBridge.004.pdb
[453/482    0s] CopyFiles Library/Bee/PlayerScriptAssemblies/Unity.AI.Navigation.pdb
[454/482    0s] CopyFiles Library/Bee/PlayerScriptAssemblies/Unity.Collections.pdb
[455/482    0s] CopyFiles Library/Bee/PlayerScriptAssemblies/Unity.2D.Common.Runtime.pdb
[456/482    0s] CopyFiles Library/Bee/PlayerScriptAssemblies/UnityEngine.UI.pdb
[457/482    0s] CopyFiles Library/Bee/PlayerScriptAssemblies/Unity.2D.Common.Runtime.dll
[458/482    0s] CopyFiles Library/Bee/PlayerScriptAssemblies/Unity.2D.Animation.Runtime.pdb
[459/482    0s] CopyFiles Library/Bee/PlayerScriptAssemblies/Unity.2D.PixelPerfect.pdb
[460/482    0s] CopyFiles Library/Bee/PlayerScriptAssemblies/Unity.InternalAPIEngineBridge.001.pdb
[461/482    0s] CopyFiles Library/Bee/PlayerScriptAssemblies/Unity.2D.SpriteShape.Runtime.pdb
[462/482    0s] CopyFiles Library/Bee/PlayerScriptAssemblies/Unity.2D.SpriteShape.Runtime.dll
[463/482    0s] CopyFiles Library/Bee/PlayerScriptAssemblies/Unity.Timeline.pdb
[464/482    0s] CopyFiles Library/Bee/PlayerScriptAssemblies/Unity.Mathematics.pdb
[465/482    0s] CopyFiles Library/Bee/PlayerScriptAssemblies/Unity.TextMeshPro.dll
[466/482    0s] CopyFiles Library/Bee/PlayerScriptAssemblies/Unity.2D.IK.Runtime.pdb
[467/482    0s] CopyFiles Library/Bee/PlayerScriptAssemblies/Unity.Timeline.dll
[468/482    0s] CopyFiles Library/Bee/PlayerScriptAssemblies/Unity.TextMeshPro.pdb
[469/482    0s] CopyFiles Library/Bee/PlayerScriptAssemblies/Unity.Collections.dll
[470/482    0s] CopyFiles Library/Bee/PlayerScriptAssemblies/Unity.Burst.pdb
[471/482    0s] CopyFiles Library/Bee/PlayerScriptAssemblies/Unity.Multiplayer.Center.Common.pdb
[472/482    0s] CopyFiles Library/Bee/PlayerScriptAssemblies/Unity.2D.Animation.Runtime.dll
[473/482    0s] CopyFiles Library/Bee/PlayerScriptAssemblies/Unity.2D.IK.Runtime.dll
[474/482    0s] CopyFiles Library/Bee/PlayerScriptAssemblies/UnityEngine.UI.dll
[475/482    0s] CopyFiles Library/Bee/PlayerScriptAssemblies/Unity.Burst.dll
[476/482    0s] Csc Library/Bee/artifacts/1900b0aP.dag/Assembly-CSharp.dll (+2 others)
Assets\Resources\Scripts\Arena\ArenaCombat.cs(420,51): warning CS0618: 'FindObjectsSortMode' is obsolete: 'FindObjectsSortMode has been deprecated. Use the FindObjectsByType overloads that do not take a FindObjectsSortMode parameter.'

Assets\Resources\Scripts\Arena\ArenaCombat.cs(420,13): warning CS0618: 'Object.FindObjectsByType<T>(FindObjectsSortMode)' is obsolete: 'FindObjectsByType with FindObjectsSortMode parameter has been deprecated. Use FindObjectsByType<T>() or FindObjectsByType<T>(FindObjectsInactive) instead. InstanceID will be replaced in the future with EntityId and previous sort order cannot be maintained.'

Assets\Resources\Scripts\AI\GameStateCollector.cs(87,58): warning CS0618: 'FindObjectsSortMode' is obsolete: 'FindObjectsSortMode has been deprecated. Use the FindObjectsByType overloads that do not take a FindObjectsSortMode parameter.'

Assets\Resources\Scripts\AI\GameStateCollector.cs(87,29): warning CS0618: 'Object.FindObjectsByType<T>(FindObjectsSortMode)' is obsolete: 'FindObjectsByType with FindObjectsSortMode parameter has been deprecated. Use FindObjectsByType<T>() or FindObjectsByType<T>(FindObjectsInactive) instead. InstanceID will be replaced in the future with EntityId and previous sort order cannot be maintained.'
[477/482    0s] ILPostProcess Library/Bee/artifacts/1900b0aP.dag/post-processed/Assembly-CSharp.dll (+pdb)
Processing assembly Library/Bee/artifacts/1900b0aP.dag/Assembly-CSharp.dll, with 131 defines and 231 references

processors: Unity.Jobs.CodeGen.JobsILPostProcessor, zzzUnity.Burst.CodeGen.BurstILPostProcessor

running Unity.Jobs.CodeGen.JobsILPostProcessor

running zzzUnity.Burst.CodeGen.BurstILPostProcessor
[478/482    0s] CopyFiles Library/Bee/PlayerScriptAssemblies/Assembly-CSharp.pdb
[479/482    0s] CopyFiles Library/Bee/PlayerScriptAssemblies/Assembly-CSharp.dll
[481/482    0s] BuildPlayerDataGenerator Library/BuildPlayerData/Player/RuntimeInitializeOnLoads.json (+1 other)
*** Tundra build success (2.97 seconds), 37 items updated, 482 evaluated
Assets\Resources\Scripts\Arena\ArenaCombat.cs(420,51): warning CS0618: 'FindObjectsSortMode' is obsolete: 'FindObjectsSortMode has been deprecated. Use the FindObjectsByType overloads that do not take a FindObjectsSortMode parameter.'
Assets\Resources\Scripts\Arena\ArenaCombat.cs(420,13): warning CS0618: 'Object.FindObjectsByType<T>(FindObjectsSortMode)' is obsolete: 'FindObjectsByType with FindObjectsSortMode parameter has been deprecated. Use FindObjectsByType<T>() or FindObjectsByType<T>(FindObjectsInactive) instead. InstanceID will be replaced in the future with EntityId and previous sort order cannot be maintained.'
Assets\Resources\Scripts\AI\GameStateCollector.cs(87,58): warning CS0618: 'FindObjectsSortMode' is obsolete: 'FindObjectsSortMode has been deprecated. Use the FindObjectsByType overloads that do not take a FindObjectsSortMode parameter.'
Assets\Resources\Scripts\AI\GameStateCollector.cs(87,29): warning CS0618: 'Object.FindObjectsByType<T>(FindObjectsSortMode)' is obsolete: 'FindObjectsByType with FindObjectsSortMode parameter has been deprecated. Use FindObjectsByType<T>() or FindObjectsByType<T>(FindObjectsInactive) instead. InstanceID will be replaced in the future with EntityId and previous sort order cannot be maintained.'
Rebuilding Data files because Assets/Resources/PerformanceTestRunInfo.json is dirty (hash)
Total cache size 63332140
Total cache size after purge 63332140, took 00:00:00.2171460


Mono dependencies included in the build
Dependency assembly - System.Text.Encodings.Web.dll
Dependency assembly - Microsoft.Build.Framework.dll
Dependency assembly - System.Runtime.Remoting.dll
Dependency assembly - System.Workflow.ComponentModel.dll
Dependency assembly - System.Runtime.Serialization.Formatters.Soap.dll
Dependency assembly - System.Collections.Specialized.dll
Dependency assembly - System.Text.Json.dll
Dependency assembly - System.IO.Compression.ZipFile.dll
Dependency assembly - System.Security.SecureString.dll
Dependency assembly - System.Net.Http.dll
Dependency assembly - System.ObjectModel.dll
Dependency assembly - System.Threading.Overlapped.dll
Dependency assembly - System.Reflection.Emit.dll
Dependency assembly - System.Runtime.InteropServices.RuntimeInformation.dll
Dependency assembly - System.Runtime.Serialization.Xml.dll
Dependency assembly - System.Security.Cryptography.Algorithms.dll
Dependency assembly - System.Security.Cryptography.Encryption.ECDsa.dll
Dependency assembly - Unity.InternalAPIEngineBridge.004.dll
Dependency assembly - Unity.Timeline.dll
Dependency assembly - System.Data.OracleClient.dll
Dependency assembly - Novell.Directory.Ldap.dll
Dependency assembly - System.ServiceModel.Primitives.dll
Dependency assembly - System.Xml.XPath.XmlDocument.dll
Dependency assembly - System.Collections.Immutable.dll
Dependency assembly - System.ServiceModel.NetTcp.dll
Dependency assembly - System.Data.Services.dll
Dependency assembly - System.Security.Cryptography.Pkcs.dll
Dependency assembly - System.ComponentModel.Composition.dll
Dependency assembly - Microsoft.Win32.Primitives.dll
Dependency assembly - System.Runtime.InteropServices.dll
Dependency assembly - System.Reflection.Extensions.dll
Dependency assembly - System.Threading.AccessControl.dll
Dependency assembly - System.IdentityModel.dll
Dependency assembly - Mono.Messaging.dll
Dependency assembly - System.Threading.Tasks.dll
Dependency assembly - Microsoft.CSharp.dll
Dependency assembly - Mono.Tasklets.dll
Dependency assembly - System.Runtime.Serialization.dll
Dependency assembly - System.Globalization.dll
Dependency assembly - System.ComponentModel.TypeConverter.dll
Dependency assembly - System.Security.Cryptography.RSA.dll
Dependency assembly - System.Diagnostics.Tracing.dll
Dependency assembly - System.Reactive.Providers.dll
Dependency assembly - WindowsBase.dll
Dependency assembly - System.Security.Cryptography.Hashing.dll
Dependency assembly - Assembly-CSharp.dll
Dependency assembly - System.Core.dll
Dependency assembly - System.ServiceModel.Activation.dll
Dependency assembly - System.Reflection.TypeExtensions.dll
Dependency assembly - IBM.Data.DB2.dll
Dependency assembly - System.Security.AccessControl.dll
Dependency assembly - System.Runtime.dll
Dependency assembly - System.ServiceModel.Discovery.dll
Dependency assembly - System.Transactions.dll
Dependency assembly - System.Linq.Expressions.dll
Dependency assembly - Microsoft.Extensions.Logging.Abstractions.dll
Dependency assembly - System.Text.Encoding.Extensions.dll
Dependency assembly - System.Reactive.Windows.Forms.dll
Dependency assembly - Commons.Xml.Relaxng.dll
Dependency assembly - System.Deployment.dll
Dependency assembly - System.ComponentModel.DataAnnotations.dll
Dependency assembly - System.DirectoryServices.dll
Dependency assembly - System.Data.DataSetExtensions.dll
Dependency assembly - System.Net.NetworkInformation.dll
Dependency assembly - System.Xml.XPath.dll
Dependency assembly - System.Security.Principal.Windows.dll
Dependency assembly - System.Management.dll
Dependency assembly - System.Data.SqlClient.dll
Dependency assembly - System.Threading.dll
Dependency assembly - Unity.2D.PixelPerfect.dll
Dependency assembly - System.Text.Encoding.dll
Dependency assembly - System.Reactive.Runtime.Remoting.dll
Dependency assembly - monodoc.dll
Dependency assembly - System.Security.Cryptography.Encryption.dll
Dependency assembly - System.Xml.XPath.XDocument.dll
Dependency assembly - Microsoft.Win32.Registry.dll
Dependency assembly - System.Design.dll
Dependency assembly - System.Web.WebPages.Razor.dll
Dependency assembly - System.Numerics.dll
Dependency assembly - System.Reactive.Core.dll
Dependency assembly - System.Xml.XmlDocument.dll
Dependency assembly - System.Security.Cryptography.Hashing.Algorithms.dll
Dependency assembly - System.ServiceModel.Web.dll
Dependency assembly - System.Net.NameResolution.dll
Dependency assembly - Unity.2D.IK.Runtime.dll
Dependency assembly - System.ValueTuple.dll
Dependency assembly - System.Diagnostics.Contracts.dll
Dependency assembly - System.Net.Cache.dll
Dependency assembly - System.Web.Routing.dll
Dependency assembly - Mono.Data.Sqlite.dll
Dependency assembly - System.Text.RegularExpressions.dll
Dependency assembly - System.Workflow.Runtime.dll
Dependency assembly - CustomMarshalers.dll
Dependency assembly - System.Web.Mvc.dll
Dependency assembly - SystemWebTestShim.dll
Dependency assembly - System.Xml.XmlSerializer.dll
Dependency assembly - System.Xml.Serialization.dll
Dependency assembly - System.Web.RegularExpressions.dll
Dependency assembly - System.Net.Primitives.dll
Dependency assembly - System.ServiceModel.dll
Dependency assembly - System.Security.Principal.dll
Dependency assembly - System.Threading.Tasks.Dataflow.dll
Dependency assembly - System.ServiceModel.Internals.dll
Dependency assembly - System.Reflection.Primitives.dll
Dependency assembly - System.Globalization.Calendars.dll
Dependency assembly - System.IO.Compression.dll
Dependency assembly - System.Net.Ping.dll
Dependency assembly - System.Reactive.Windows.Threading.dll
Dependency assembly - System.Threading.Thread.dll
Dependency assembly - WebMatrix.Data.dll
Dependency assembly - Microsoft.Extensions.DependencyInjection.Abstractions.dll
Dependency assembly - Mono.Parallel.dll
Dependency assembly - System.AppContext.dll
Dependency assembly - Microsoft.Web.Infrastructure.dll
Dependency assembly - System.Threading.Timer.dll
Dependency assembly - System.Web.WebPages.Deployment.dll
Dependency assembly - Unity.2D.SpriteShape.Runtime.dll
Dependency assembly - System.IdentityModel.Selectors.dll
Dependency assembly - System.dll
Dependency assembly - System.Net.Http.WebRequest.dll
Dependency assembly - System.Runtime.Extensions.dll
Dependency assembly - System.Configuration.dll
Dependency assembly - System.ServiceProcess.dll
Dependency assembly - Mono.Btls.Interface.dll
Dependency assembly - System.Security.Cryptography.RandomNumberGenerator.dll
Dependency assembly - System.ServiceModel.Http.dll
Dependency assembly - System.Security.Cryptography.Encryption.Aes.dll
Dependency assembly - System.Net.Http.Rtc.dll
Dependency assembly - Unity.Burst.Unsafe.dll
Dependency assembly - System.Web.Abstractions.dll
Dependency assembly - System.Net.dll
Dependency assembly - System.Net.Mail.dll
Dependency assembly - System.Linq.Queryable.dll
Dependency assembly - System.Diagnostics.DiagnosticSource.dll
Dependency assembly - System.Xml.Linq.dll
Dependency assembly - Mono.Simd.dll
Dependency assembly - System.Security.Cryptography.Cng.dll
Dependency assembly - System.Linq.Parallel.dll
Dependency assembly - System.Reflection.dll
Dependency assembly - System.IO.Compression.FileSystem.dll
Dependency assembly - System.Workflow.Activities.dll
Dependency assembly - System.ServiceModel.Duplex.dll
Dependency assembly - System.Messaging.dll
Dependency assembly - System.Runtime.DurableInstancing.dll
Dependency assembly - Microsoft.Build.Tasks.v4.0.dll
Dependency assembly - System.Security.Cryptography.X509Certificates.dll
Dependency assembly - System.Reactive.Experimental.dll
Dependency assembly - System.IO.Pipes.dll
Dependency assembly - System.Numerics.Vectors.dll
Dependency assembly - System.Web.dll
Dependency assembly - System.Dynamic.dll
Dependency assembly - System.Net.WebSockets.dll
Dependency assembly - System.Dynamic.Runtime.dll
Dependency assembly - System.Reflection.Context.dll
Dependency assembly - System.Data.Services.Client.dll
Dependency assembly - System.Reactive.Observable.Aliases.dll
Dependency assembly - System.IO.IsolatedStorage.dll
Dependency assembly - System.Reflection.Emit.Lightweight.dll
Dependency assembly - I18N.CJK.dll
Dependency assembly - I18N.Rare.dll
Dependency assembly - Mono.Messaging.RabbitMQ.dll
Dependency assembly - System.Collections.NonGeneric.dll
Dependency assembly - System.Xaml.dll
Dependency assembly - System.IO.UnmanagedMemoryStream.dll
Dependency assembly - I18N.Other.dll
Dependency assembly - System.Reflection.Metadata.dll
Dependency assembly - Mono.CSharp.dll
Dependency assembly - System.Json.dll
Dependency assembly - System.Resources.Writer.dll
Dependency assembly - System.Diagnostics.Tools.dll
Dependency assembly - Unity.Multiplayer.Center.Common.dll
Dependency assembly - System.Drawing.Primitives.dll
Dependency assembly - System.Threading.ThreadPool.dll
Dependency assembly - System.Net.AuthenticationManager.dll
Dependency assembly - System.Net.Sockets.dll
Dependency assembly - System.Runtime.CompilerServices.Unsafe.dll
Dependency assembly - System.Threading.Tasks.Extensions.dll
Dependency assembly - System.Runtime.Serialization.Primitives.dll
Dependency assembly - System.Buffers.dll
Dependency assembly - System.DirectoryServices.Protocols.dll
Dependency assembly - System.Web.Http.dll
Dependency assembly - System.IO.FileSystem.DriveInfo.dll
Dependency assembly - cscompmgd.dll
Dependency assembly - System.ServiceModel.Routing.dll
Dependency assembly - System.IO.FileSystem.dll
Dependency assembly - System.Resources.ReaderWriter.dll
Dependency assembly - System.Runtime.InteropServices.WindowsRuntime.dll
Dependency assembly - System.Security.Claims.dll
Dependency assembly - UnityEngine.UI.dll
Dependency assembly - Mono.Http.dll
Dependency assembly - System.Web.Http.SelfHost.dll
Dependency assembly - System.Diagnostics.FileVersionInfo.dll
Dependency assembly - System.Net.Utilities.dll
Dependency assembly - System.Reflection.Emit.ILGeneration.dll
Dependency assembly - System.Diagnostics.Process.dll
Dependency assembly - Unity.Collections.dll
Dependency assembly - System.Web.Extensions.Design.dll
Dependency assembly - System.Data.Common.dll
Dependency assembly - SMDiagnostics.dll
Dependency assembly - System.Data.Linq.dll
Dependency assembly - System.ComponentModel.Primitives.dll
Dependency assembly - System.ComponentModel.dll
Dependency assembly - System.IO.dll
Dependency assembly - System.Security.Cryptography.Csp.dll
Dependency assembly - System.Net.WebHeaderCollection.dll
Dependency assembly - Microsoft.Build.dll
Dependency assembly - Mono.WebBrowser.dll
Dependency assembly - System.Web.Http.WebHost.dll
Dependency assembly - System.Net.Http.Formatting.dll
Dependency assembly - System.ServiceModel.Security.dll
Dependency assembly - System.Xml.dll
Dependency assembly - System.Runtime.Loader.dll
Dependency assembly - System.Configuration.Install.dll
Dependency assembly - System.Resources.ResourceManager.dll
Dependency assembly - System.Runtime.Numerics.dll
Dependency assembly - System.ComponentModel.Annotations.dll
Dependency assembly - System.Web.Extensions.dll
Dependency assembly - System.Windows.dll
Dependency assembly - Unity.TextMeshPro.dll
Dependency assembly - System.Xml.Xsl.Primitives.dll
Dependency assembly - RabbitMQ.Client.dll
Dependency assembly - System.Diagnostics.TraceSource.dll
Dependency assembly - System.Memory.dll
Dependency assembly - System.Runtime.Handles.dll
Dependency assembly - System.Reactive.Linq.dll
Dependency assembly - System.Web.WebPages.dll
Dependency assembly - Mono.Data.Tds.dll
Dependency assembly - System.IO.FileSystem.Primitives.dll
Dependency assembly - Accessibility.dll
Dependency assembly - ICSharpCode.SharpZipLib.dll
Dependency assembly - System.IO.FileSystem.AccessControl.dll
Dependency assembly - System.Security.Cryptography.DeriveBytes.dll
Dependency assembly - System.IO.MemoryMappedFiles.dll
Dependency assembly - System.Console.dll
Dependency assembly - System.Web.Services.dll
Dependency assembly - Unity.AI.Navigation.dll
Dependency assembly - System.Drawing.Design.dll
Dependency assembly - Microsoft.Bcl.AsyncInterfaces.dll
Dependency assembly - System.Globalization.Extensions.dll
Dependency assembly - System.Diagnostics.TextWriterTraceListener.dll
Dependency assembly - I18N.dll
Dependency assembly - System.Net.ServicePoint.dll
Dependency assembly - System.Security.Cryptography.Primitives.dll
Dependency assembly - Microsoft.Win32.Registry.AccessControl.dll
Dependency assembly - Mono.Management.dll
Dependency assembly - Unity.Burst.dll
Dependency assembly - System.Net.Requests.dll
Dependency assembly - System.Runtime.Caching.dll
Dependency assembly - System.Reactive.PlatformServices.dll
Dependency assembly - System.Security.Cryptography.ProtectedData.dll
Dependency assembly - Mono.XBuild.Tasks.dll
Dependency assembly - System.Collections.Concurrent.dll
Dependency assembly - Mono.Posix.dll
Dependency assembly - PEAPI.dll
Dependency assembly - Unity.2D.Animation.Runtime.dll
Dependency assembly - Unity.InternalAPIEngineBridge.001.dll
Dependency assembly - System.Reactive.Interfaces.dll
Dependency assembly - Microsoft.Build.Engine.dll
Dependency assembly - System.Security.Cryptography.Encryption.ECDiffieHellman.dll
Dependency assembly - System.Resources.Reader.dll
Dependency assembly - System.Collections.dll
Dependency assembly - System.Diagnostics.StackTrace.dll
Dependency assembly - System.Threading.Tasks.Parallel.dll
Dependency assembly - Unity.Collections.LowLevel.ILSupport.dll
Dependency assembly - Unity.2D.Common.Runtime.dll
Dependency assembly - Microsoft.VisualC.dll
Dependency assembly - Mono.CompilerServices.SymbolWriter.dll
Dependency assembly - System.Text.Encoding.CodePages.dll
Dependency assembly - Mono.Profiler.Log.dll
Dependency assembly - System.ComponentModel.EventBasedAsync.dll
Dependency assembly - Mono.Cairo.dll
Dependency assembly - System.Json.Microsoft.dll
Dependency assembly - System.Web.Razor.dll
Dependency assembly - System.IO.Hashing.dll
Dependency assembly - mscorlib.dll
Dependency assembly - System.EnterpriseServices.dll
Dependency assembly - System.Windows.Forms.dll
Dependency assembly - System.Data.dll
Dependency assembly - System.Runtime.Serialization.Formatters.dll
Dependency assembly - Mono.Security.Win32.dll
Dependency assembly - System.Security.dll
Dependency assembly - System.Net.Security.dll
Dependency assembly - System.Net.HttpListener.dll
Dependency assembly - System.Web.DynamicData.dll
Dependency assembly - System.Windows.Forms.DataVisualization.dll
Dependency assembly - System.Reflection.DispatchProxy.dll
Dependency assembly - System.Runtime.Serialization.Json.dll
Dependency assembly - System.ServiceProcess.ServiceController.dll
Dependency assembly - Unity.Mathematics.dll
Dependency assembly - I18N.MidEast.dll
Dependency assembly - Mono.Options.dll
Dependency assembly - System.Xml.XDocument.dll
Dependency assembly - Microsoft.Build.Utilities.v4.0.dll
Dependency assembly - System.Linq.dll
Dependency assembly - System.Net.WebSockets.Client.dll
Dependency assembly - System.Security.Cryptography.Encoding.dll
Dependency assembly - System.Diagnostics.TraceEvent.dll
Dependency assembly - System.IO.FileSystem.Watcher.dll
Dependency assembly - System.Xml.ReaderWriter.dll
Dependency assembly - netstandard.dll
Dependency assembly - Mono.C5.dll
Dependency assembly - System.Drawing.dll
Dependency assembly - System.Diagnostics.Debug.dll
Dependency assembly - System.Runtime.CompilerServices.VisualC.dll
Dependency assembly - System.Reactive.Debugger.dll
Dependency assembly - I18N.West.dll
Dependency assembly - System.Web.ApplicationServices.dll
Dependency assembly - System.Web.Mobile.dll
Dependency assembly - System.Data.Entity.dll
Dependency assembly - Mono.Security.dll
Dependency assembly - System.Security.Cryptography.OpenSsl.dll

Asset Pipeline Refresh (id=b54151cb02dbcf247b21ee78d986a617): Total: 0.024 seconds - Initiated by RefreshV2(NoUpdateAssetOptions)
SpriteAtlasPacking completed in 0.025015 sec
Opening scene 'Assets/Scenes/MainMenu.unity'
Unloading 2 Unused Serialized files (Serialized files now loaded: 0)
Loaded scene 'Assets/Scenes/MainMenu.unity'
	Deserialize:            0.880 ms
	Integration:            174.211 ms
	Integration of assets:  0.001 ms
	Thread Wait Time:       12.863 ms
	Total Operation Time:   187.956 ms
Unloading 55 unused Assets / (0.8 MB). Loaded Objects now: 4080.
Memory consumption went from 318.0 MB to 317.3 MB.
Total: 7.889400 ms (FindLiveObjects: 0.331600 ms CreateObjectMapping: 0.513100 ms MarkObjects: 6.675000 ms  DeleteObjects: 0.368500 ms)

  Pass "ShadowCaster":
    Target graphics API: d3d11
    Cached mesh channel usage data found for 0 variants. 8 variants require compilation to get this data.
    Processed in 0.01 seconds
  Pass ShadowCaster (vp, d3d11) finished in 0.41 seconds. Local cache hits 8 (3.26s CPU time), remote cache hits 0 (0.00s CPU time), compiled 0 variants (0.00s CPU time), skipped 0 variants.
  Pass "SceneSelectionPass":
    Target graphics API: d3d11
    Cached mesh channel usage data found for 0 variants. 2 variants require compilation to get this data.
    Processed in 0.00 seconds
  Pass SceneSelectionPass (vp, d3d11) finished in 0.01 seconds. Local cache hits 2 (0.01s CPU time), remote cache hits 0 (0.00s CPU time), compiled 0 variants (0.00s CPU time), skipped 0 variants.
  Pass "ScenePickingPass":
    Target graphics API: d3d11
    Cached mesh channel usage data found for 0 variants. 2 variants require compilation to get this data.
    Processed in 0.00 seconds
  Pass ScenePickingPass (vp, d3d11) finished in 0.00 seconds. Local cache hits 2 (0.00s CPU time), remote cache hits 0 (0.00s CPU time), compiled 0 variants (0.00s CPU time), skipped 0 variants.
  Pass "":
    Target graphics API: d3d11
    Cached mesh channel usage data found for 0 variants. 4 variants require compilation to get this data.
    Processed in 0.00 seconds
  Pass  (vp, d3d11) finished in 0.00 seconds. Local cache hits 4 (0.02s CPU time), remote cache hits 0 (0.00s CPU time), compiled 0 variants (0.00s CPU time), skipped 0 variants.
  Pass "":
    Target graphics API: d3d11
    Cached mesh channel usage data found for 0 variants. 3 variants require compilation to get this data.
    Processed in 0.00 seconds
  Pass  (vp, d3d11) finished in 0.01 seconds. Local cache hits 3 (0.01s CPU time), remote cache hits 0 (0.00s CPU time), compiled 0 variants (0.00s CPU time), skipped 0 variants.
  Pass "":
    Target graphics API: d3d11
    Cached mesh channel usage data found for 0 variants. 1 variants require compilation to get this data.
    Processed in 0.00 seconds
  Pass  (vp, d3d11) finished in 0.00 seconds. Local cache hits 1 (0.00s CPU time), remote cache hits 0 (0.00s CPU time), compiled 0 variants (0.00s CPU time), skipped 0 variants.
  Pass "ShadowCaster":
    Target graphics API: d3d11
    Cached mesh channel usage data found for 0 variants. 2 variants require compilation to get this data.
    Processed in 0.00 seconds
  Pass ShadowCaster (vp, d3d11) finished in 0.00 seconds. Local cache hits 2 (0.01s CPU time), remote cache hits 0 (0.00s CPU time), compiled 0 variants (0.00s CPU time), skipped 0 variants.
Opening scene 'Assets/Scenes/GameScene.unity'
LightingSettings: switching bake backend from 2 to 1.
Unloading 1169 Unused Serialized files (Serialized files now loaded: 0)
Loaded scene 'Assets/Scenes/GameScene.unity'
	Deserialize:            8.405 ms
	Integration:            192.217 ms
	Integration of assets:  7.191 ms
	Thread Wait Time:       0.042 ms
	Total Operation Time:   207.855 ms
Unloading 5465 unused Assets / (474.4 MB). Loaded Objects now: 5516.
Memory consumption went from 0.82 GB to 361.4 MB.
Total: 27.855200 ms (FindLiveObjects: 0.620400 ms CreateObjectMapping: 1.678700 ms MarkObjects: 7.068400 ms  DeleteObjects: 18.486800 ms)

Opening scene 'Assets/Scenes/GargantuarArena.unity'
Unloading 2 Unused Serialized files (Serialized files now loaded: 0)
Loaded scene 'Assets/Scenes/GargantuarArena.unity'
	Deserialize:            0.388 ms
	Integration:            162.824 ms
	Integration of assets:  0.001 ms
	Thread Wait Time:       0.010 ms
	Total Operation Time:   163.223 ms
Unloading 1268 unused Assets / (16.8 MB). Loaded Objects now: 4086.
Memory consumption went from 347.2 MB to 330.4 MB.
Total: 22.237200 ms (FindLiveObjects: 0.292200 ms CreateObjectMapping: 0.517700 ms MarkObjects: 7.088500 ms  DeleteObjects: 14.338000 ms)

Unloading 2 Unused Serialized files (Serialized files now loaded: 0)
Unloading 4 unused Assets / (3.6 MB). Loaded Objects now: 4086.
Memory consumption went from 329.4 MB to 325.8 MB.
Total: 9.813800 ms (FindLiveObjects: 0.204800 ms CreateObjectMapping: 0.362800 ms MarkObjects: 7.213700 ms  DeleteObjects: 2.031700 ms)

Unloading 0 Unused Serialized files (Serialized files now loaded: 0)
Unloading 0 unused Assets / (Unknown). Loaded Objects now: 4086.
Memory consumption went from 325.8 MB to 325.8 MB.
Total: 7.091700 ms (FindLiveObjects: 0.225700 ms CreateObjectMapping: 0.363700 ms MarkObjects: 6.494500 ms  DeleteObjects: 0.007100 ms)

Unloading 1 Unused Serialized files (Serialized files now loaded: 0)
Unloading 182 unused Assets / (150.9 MB). Loaded Objects now: 4086.
Memory consumption went from 477.8 MB to 326.9 MB.
Total: 26.000200 ms (FindLiveObjects: 0.170400 ms CreateObjectMapping: 0.335900 ms MarkObjects: 6.921700 ms  DeleteObjects: 18.571200 ms)

Compiling shader "Legacy Shaders/VertexLit"
  Pass "" (vp)
    Target graphics API: d3d11
    Full variant space:         12
    After settings filtering:   12
    After built-in stripping:   3
    After scriptable stripping: 3
    Processed in 0.00 seconds
  Pass "" (fp)
    Target graphics API: d3d11
    Full variant space:         12
    After settings filtering:   12
    After built-in stripping:   3
    After scriptable stripping: 3
    Processed in 0.00 seconds
  Pass "" (vp)
    Target graphics API: d3d11
    Full variant space:         4
    After settings filtering:   4
    After built-in stripping:   1
    After scriptable stripping: 1
    Processed in 0.00 seconds
  Pass "" (fp)
    Target graphics API: d3d11
    Full variant space:         4
    After settings filtering:   4
    After built-in stripping:   1
    After scriptable stripping: 1
    Processed in 0.00 seconds
  Pass "ShadowCaster" (vp)
    Target graphics API: d3d11
    Full variant space:         4
    After settings filtering:   4
    After built-in stripping:   2
    After scriptable stripping: 2
    Processed in 0.00 seconds
  Pass "ShadowCaster" (fp)
    Target graphics API: d3d11
    Full variant space:         4
    After settings filtering:   4
    After built-in stripping:   2
    After scriptable stripping: 2
    Processed in 0.00 seconds
  Pass  (vp, d3d11) finished in 0.00 seconds. Local cache hits 3 (0.00s CPU time), remote cache hits 0 (0.00s CPU time), compiled 0 variants (0.00s CPU time), skipped 0 variants.
    Prepared data for serialisation in 0.00s
  Pass  (fp, d3d11) finished in 0.01 seconds. Local cache hits 3 (0.02s CPU time), remote cache hits 0 (0.00s CPU time), compiled 0 variants (0.00s CPU time), skipped 0 variants.
    Prepared data for serialisation in 0.00s
  Pass  (vp, d3d11) finished in 0.01 seconds. Local cache hits 1 (0.00s CPU time), remote cache hits 0 (0.00s CPU time), compiled 0 variants (0.00s CPU time), skipped 0 variants.
    Prepared data for serialisation in 0.00s
  Pass  (fp, d3d11) finished in 0.01 seconds. Local cache hits 1 (0.01s CPU time), remote cache hits 0 (0.00s CPU time), compiled 0 variants (0.00s CPU time), skipped 0 variants.
    Prepared data for serialisation in 0.00s
  Pass ShadowCaster (vp, d3d11) finished in 0.01 seconds. Local cache hits 2 (0.00s CPU time), remote cache hits 0 (0.00s CPU time), compiled 0 variants (0.00s CPU time), skipped 0 variants.
    Prepared data for serialisation in 0.00s
  Pass ShadowCaster (fp, d3d11) finished in 0.01 seconds. Local cache hits 2 (0.01s CPU time), remote cache hits 0 (0.00s CPU time), compiled 0 variants (0.00s CPU time), skipped 0 variants.
    Prepared data for serialisation in 0.00s
Serialized binary data for shader Legacy Shaders/VertexLit in 0.00s
    d3d11 (total internal programs: 12, unique: 12)
Compiling shader "Particles/Standard Unlit"
  Pass "ShadowCaster" (vp)
    Target graphics API: d3d11
    Full variant space:         12
    After settings filtering:   12
    After built-in stripping:   8
    After scriptable stripping: 8
    Processed in 0.00 seconds
  Pass "ShadowCaster" (fp)
    Target graphics API: d3d11
    Full variant space:         12
    After settings filtering:   12
    After built-in stripping:   8
    After scriptable stripping: 8
    Processed in 0.00 seconds
  Pass "" (vp)
    Target graphics API: d3d11
    Full variant space:         24
    After settings filtering:   24
    After built-in stripping:   4
    After scriptable stripping: 4
    Processed in 0.00 seconds
  Pass "" (fp)
    Target graphics API: d3d11
    Full variant space:         48
    After settings filtering:   48
    After built-in stripping:   8
    After scriptable stripping: 8
    Processed in 0.00 seconds
  Pass ShadowCaster (vp, d3d11) finished in 0.00 seconds. Local cache hits 8 (0.01s CPU time), remote cache hits 0 (0.00s CPU time), compiled 0 variants (0.00s CPU time), skipped 0 variants.
    Prepared data for serialisation in 0.00s
  Pass ShadowCaster (fp, d3d11) finished in 0.01 seconds. Local cache hits 8 (0.06s CPU time), remote cache hits 0 (0.00s CPU time), compiled 0 variants (0.00s CPU time), skipped 0 variants.
    Prepared data for serialisation in 0.00s
  Pass  (vp, d3d11) finished in 0.01 seconds. Local cache hits 4 (0.00s CPU time), remote cache hits 0 (0.00s CPU time), compiled 0 variants (0.00s CPU time), skipped 0 variants.
    Prepared data for serialisation in 0.00s
  Pass  (fp, d3d11) finished in 0.01 seconds. Local cache hits 8 (0.04s CPU time), remote cache hits 0 (0.00s CPU time), compiled 0 variants (0.00s CPU time), skipped 0 variants.
    Prepared data for serialisation in 0.00s
Serialized binary data for shader Particles/Standard Unlit in 0.00s
    d3d11 (total internal programs: 28, unique: 28)
Compiling shader "PvZ/Arena Chroma Key"
  Pass "" (vp)
    Target graphics API: d3d11
    Full variant space:         1
    After settings filtering:   1
    After built-in stripping:   1
    After scriptable stripping: 1
    Processed in 0.00 seconds
  Pass "" (fp)
    Target graphics API: d3d11
    Full variant space:         1
    After settings filtering:   1
    After built-in stripping:   1
    After scriptable stripping: 1
    Processed in 0.00 seconds
  Pass  (vp, d3d11) finished in 0.00 seconds. Local cache hits 1 (0.00s CPU time), remote cache hits 0 (0.00s CPU time), compiled 0 variants (0.00s CPU time), skipped 0 variants.
    Prepared data for serialisation in 0.00s
  Pass  (fp, d3d11) finished in 0.00 seconds. Local cache hits 1 (0.00s CPU time), remote cache hits 0 (0.00s CPU time), compiled 0 variants (0.00s CPU time), skipped 0 variants.
    Prepared data for serialisation in 0.00s
Serialized binary data for shader PvZ/Arena Chroma Key in 0.00s
    d3d11 (total internal programs: 2, unique: 2)
Compiling shader "UI/ChromaKey"
  Pass "" (vp)
    Target graphics API: d3d11
    Full variant space:         1
    After settings filtering:   1
    After built-in stripping:   1
    After scriptable stripping: 1
    Processed in 0.00 seconds
  Pass "" (fp)
    Target graphics API: d3d11
    Full variant space:         1
    After settings filtering:   1
    After built-in stripping:   1
    After scriptable stripping: 1
    Processed in 0.00 seconds
  Pass  (vp, d3d11) finished in 0.00 seconds. Local cache hits 1 (0.00s CPU time), remote cache hits 0 (0.00s CPU time), compiled 0 variants (0.00s CPU time), skipped 0 variants.
    Prepared data for serialisation in 0.00s
  Pass  (fp, d3d11) finished in 0.00 seconds. Local cache hits 1 (0.00s CPU time), remote cache hits 0 (0.00s CPU time), compiled 0 variants (0.00s CPU time), skipped 0 variants.
    Prepared data for serialisation in 0.00s
Serialized binary data for shader UI/ChromaKey in 0.00s
    d3d11 (total internal programs: 2, unique: 2)
Compiling shader "UI/MenuTextHover"
  Pass "" (vp)
    Target graphics API: d3d11
    Full variant space:         1
    After settings filtering:   1
    After built-in stripping:   1
    After scriptable stripping: 1
    Processed in 0.00 seconds
  Pass "" (fp)
    Target graphics API: d3d11
    Full variant space:         1
    After settings filtering:   1
    After built-in stripping:   1
    After scriptable stripping: 1
    Processed in 0.00 seconds
  Pass  (vp, d3d11) finished in 0.01 seconds. Local cache hits 1 (0.01s CPU time), remote cache hits 0 (0.00s CPU time), compiled 0 variants (0.00s CPU time), skipped 0 variants.
    Prepared data for serialisation in 0.00s
  Pass  (fp, d3d11) finished in 0.01 seconds. Local cache hits 1 (0.01s CPU time), remote cache hits 0 (0.00s CPU time), compiled 0 variants (0.00s CPU time), skipped 0 variants.
    Prepared data for serialisation in 0.00s
Serialized binary data for shader UI/MenuTextHover in 0.00s
    d3d11 (total internal programs: 2, unique: 2)
Compiling shader "PvZ/TorchwoodFlameOnly"
  Pass "" (vp)
    Target graphics API: d3d11
    Full variant space:         1
    After settings filtering:   1
    After built-in stripping:   1
    After scriptable stripping: 1
    Processed in 0.00 seconds
  Pass "" (fp)
    Target graphics API: d3d11
    Full variant space:         1
    After settings filtering:   1
    After built-in stripping:   1
    After scriptable stripping: 1
    Processed in 0.00 seconds
  Pass  (vp, d3d11) finished in 0.00 seconds. Local cache hits 1 (0.00s CPU time), remote cache hits 0 (0.00s CPU time), compiled 0 variants (0.00s CPU time), skipped 0 variants.
    Prepared data for serialisation in 0.00s
  Pass  (fp, d3d11) finished in 0.00 seconds. Local cache hits 1 (0.00s CPU time), remote cache hits 0 (0.00s CPU time), compiled 0 variants (0.00s CPU time), skipped 0 variants.
    Prepared data for serialisation in 0.00s
Serialized binary data for shader PvZ/TorchwoodFlameOnly in 0.00s
    d3d11 (total internal programs: 2, unique: 2)
Request Asset Garbage Collect because used heap size increased from 327.0 MB to 0.82 GB, exceeding the threshold of 256.0 MB.
Unloading 1168 Unused Serialized files (Serialized files now loaded: 0)
Unloading 6646 unused Assets / (331.3 MB). Loaded Objects now: 4087.
Memory consumption went from 0.82 GB to 507.5 MB.
Total: 23.022600 ms (FindLiveObjects: 0.647200 ms CreateObjectMapping: 1.704200 ms MarkObjects: 7.763700 ms  DeleteObjects: 12.906000 ms)

Compiling shader "Hidden/Internal-StencilWrite"
  Pass "" (vp)
    Target graphics API: d3d11
    Full variant space:         1
    After settings filtering:   1
    After built-in stripping:   1
    After scriptable stripping: 1
    Processed in 0.00 seconds
  Pass "" (fp)
    Target graphics API: d3d11
    Full variant space:         1
    After settings filtering:   1
    After built-in stripping:   1
    After scriptable stripping: 1
    Processed in 0.00 seconds
  Pass  (vp, d3d11) finished in 0.01 seconds. Local cache hits 1 (0.01s CPU time), remote cache hits 0 (0.00s CPU time), compiled 0 variants (0.00s CPU time), skipped 0 variants.
    Prepared data for serialisation in 0.00s
  Pass  (fp, d3d11) finished in 0.01 seconds. Local cache hits 1 (0.00s CPU time), remote cache hits 0 (0.00s CPU time), compiled 0 variants (0.00s CPU time), skipped 0 variants.
    Prepared data for serialisation in 0.00s
Serialized binary data for shader Hidden/Internal-StencilWrite in 0.00s
    d3d11 (total internal programs: 2, unique: 2)
Compiling shader "Hidden/Internal-DepthNormalsTexture"
  Pass "" (vp)
    Target graphics API: d3d11
    Full variant space:         1
    After settings filtering:   1
    After built-in stripping:   1
    After scriptable stripping: 1
    Processed in 0.00 seconds
  Pass "" (fp)
    Target graphics API: d3d11
    Full variant space:         1
    After settings filtering:   1
    After built-in stripping:   1
    After scriptable stripping: 1
    Processed in 0.00 seconds
  Pass "" (vp)
    Target graphics API: d3d11
    Full variant space:         1
    After settings filtering:   1
    After built-in stripping:   1
    After scriptable stripping: 1
    Processed in 0.00 seconds
  Pass "" (fp)
    Target graphics API: d3d11
    Full variant space:         1
    After settings filtering:   1
    After built-in stripping:   1
    After scriptable stripping: 1
    Processed in 0.00 seconds
  Pass "" (vp)
    Target graphics API: d3d11
    Full variant space:         1
    After settings filtering:   1
    After built-in stripping:   1
    After scriptable stripping: 1
    Processed in 0.00 seconds
  Pass "" (fp)
    Target graphics API: d3d11
    Full variant space:         1
    After settings filtering:   1
    After built-in stripping:   1
    After scriptable stripping: 1
    Processed in 0.00 seconds
  Pass "" (vp)
    Target graphics API: d3d11
    Full variant space:         1
    After settings filtering:   1
    After built-in stripping:   1
    After scriptable stripping: 1
    Processed in 0.00 seconds
  Pass "" (fp)
    Target graphics API: d3d11
    Full variant space:         1
    After settings filtering:   1
    After built-in stripping:   1
    After scriptable stripping: 1
    Processed in 0.00 seconds
  Pass "" (vp)
    Target graphics API: d3d11
    Full variant space:         1
    After settings filtering:   1
    After built-in stripping:   1
    After scriptable stripping: 1
    Processed in 0.00 seconds
  Pass "" (fp)
    Target graphics API: d3d11
    Full variant space:         1
    After settings filtering:   1
    After built-in stripping:   1
    After scriptable stripping: 1
    Processed in 0.00 seconds
  Pass "" (vp)
    Target graphics API: d3d11
    Full variant space:         1
    After settings filtering:   1
    After built-in stripping:   1
    After scriptable stripping: 1
    Processed in 0.00 seconds
  Pass "" (fp)
    Target graphics API: d3d11
    Full variant space:         1
    After settings filtering:   1
    After built-in stripping:   1
    After scriptable stripping: 1
    Processed in 0.00 seconds
  Pass "" (vp)
    Target graphics API: d3d11
    Full variant space:         1
    After settings filtering:   1
    After built-in stripping:   1
    After scriptable stripping: 1
    Processed in 0.00 seconds
  Pass "" (fp)
    Target graphics API: d3d11
    Full variant space:         1
    After settings filtering:   1
    After built-in stripping:   1
    After scriptable stripping: 1
    Processed in 0.00 seconds
  Pass "" (vp)
    Target graphics API: d3d11
    Full variant space:         1
    After settings filtering:   1
    After built-in stripping:   1
    After scriptable stripping: 1
    Processed in 0.00 seconds
  Pass "" (fp)
    Target graphics API: d3d11
    Full variant space:         1
    After settings filtering:   1
    After built-in stripping:   1
    After scriptable stripping: 1
    Processed in 0.00 seconds
  Pass "" (vp)
    Target graphics API: d3d11
    Full variant space:         1
    After settings filtering:   1
    After built-in stripping:   1
    After scriptable stripping: 1
    Processed in 0.00 seconds
  Pass "" (fp)
    Target graphics API: d3d11
    Full variant space:         1
    After settings filtering:   1
    After built-in stripping:   1
    After scriptable stripping: 1
    Processed in 0.00 seconds
  Pass "" (vp)
    Target graphics API: d3d11
    Full variant space:         1
    After settings filtering:   1
    After built-in stripping:   1
    After scriptable stripping: 1
    Processed in 0.00 seconds
  Pass "" (fp)
    Target graphics API: d3d11
    Full variant space:         1
    After settings filtering:   1
    After built-in stripping:   1
    After scriptable stripping: 1
    Processed in 0.00 seconds
  Pass  (vp, d3d11) finished in 0.01 seconds. Local cache hits 1 (0.01s CPU time), remote cache hits 0 (0.00s CPU time), compiled 0 variants (0.00s CPU time), skipped 0 variants.
    Prepared data for serialisation in 0.00s
  Pass  (fp, d3d11) finished in 0.01 seconds. Local cache hits 1 (0.01s CPU time), remote cache hits 0 (0.00s CPU time), compiled 0 variants (0.00s CPU time), skipped 0 variants.
    Prepared data for serialisation in 0.00s
  Pass  (vp, d3d11) finished in 0.01 seconds. Local cache hits 1 (0.01s CPU time), remote cache hits 0 (0.00s CPU time), compiled 0 variants (0.00s CPU time), skipped 0 variants.
    Prepared data for serialisation in 0.00s
  Pass  (fp, d3d11) finished in 0.01 seconds. Local cache hits 1 (0.01s CPU time), remote cache hits 0 (0.00s CPU time), compiled 0 variants (0.00s CPU time), skipped 0 variants.
    Prepared data for serialisation in 0.00s
  Pass  (vp, d3d11) finished in 0.01 seconds. Local cache hits 1 (0.01s CPU time), remote cache hits 0 (0.00s CPU time), compiled 0 variants (0.00s CPU time), skipped 0 variants.
    Prepared data for serialisation in 0.00s
  Pass  (fp, d3d11) finished in 0.01 seconds. Local cache hits 1 (0.01s CPU time), remote cache hits 0 (0.00s CPU time), compiled 0 variants (0.00s CPU time), skipped 0 variants.
    Prepared data for serialisation in 0.00s
  Pass  (vp, d3d11) finished in 0.01 seconds. Local cache hits 1 (0.01s CPU time), remote cache hits 0 (0.00s CPU time), compiled 0 variants (0.00s CPU time), skipped 0 variants.
    Prepared data for serialisation in 0.00s
  Pass  (fp, d3d11) finished in 0.01 seconds. Local cache hits 1 (0.01s CPU time), remote cache hits 0 (0.00s CPU time), compiled 0 variants (0.00s CPU time), skipped 0 variants.
    Prepared data for serialisation in 0.00s
  Pass  (vp, d3d11) finished in 0.01 seconds. Local cache hits 1 (0.01s CPU time), remote cache hits 0 (0.00s CPU time), compiled 0 variants (0.00s CPU time), skipped 0 variants.
    Prepared data for serialisation in 0.00s
  Pass  (fp, d3d11) finished in 0.01 seconds. Local cache hits 1 (0.01s CPU time), remote cache hits 0 (0.00s CPU time), compiled 0 variants (0.00s CPU time), skipped 0 variants.
    Prepared data for serialisation in 0.00s
  Pass  (vp, d3d11) finished in 0.01 seconds. Local cache hits 1 (0.01s CPU time), remote cache hits 0 (0.00s CPU time), compiled 0 variants (0.00s CPU time), skipped 0 variants.
    Prepared data for serialisation in 0.00s
  Pass  (fp, d3d11) finished in 0.01 seconds. Local cache hits 1 (0.01s CPU time), remote cache hits 0 (0.00s CPU time), compiled 0 variants (0.00s CPU time), skipped 0 variants.
    Prepared data for serialisation in 0.00s
  Pass  (vp, d3d11) finished in 0.01 seconds. Local cache hits 1 (0.01s CPU time), remote cache hits 0 (0.00s CPU time), compiled 0 variants (0.00s CPU time), skipped 0 variants.
    Prepared data for serialisation in 0.00s
  Pass  (fp, d3d11) finished in 0.01 seconds. Local cache hits 1 (0.01s CPU time), remote cache hits 0 (0.00s CPU time), compiled 0 variants (0.00s CPU time), skipped 0 variants.
    Prepared data for serialisation in 0.00s
  Pass  (vp, d3d11) finished in 0.01 seconds. Local cache hits 1 (0.01s CPU time), remote cache hits 0 (0.00s CPU time), compiled 0 variants (0.00s CPU time), skipped 0 variants.
    Prepared data for serialisation in 0.00s
  Pass  (fp, d3d11) finished in 0.01 seconds. Local cache hits 1 (0.01s CPU time), remote cache hits 0 (0.00s CPU time), compiled 0 variants (0.00s CPU time), skipped 0 variants.
    Prepared data for serialisation in 0.00s
  Pass  (vp, d3d11) finished in 0.01 seconds. Local cache hits 1 (0.01s CPU time), remote cache hits 0 (0.00s CPU time), compiled 0 variants (0.00s CPU time), skipped 0 variants.
    Prepared data for serialisation in 0.00s
  Pass  (fp, d3d11) finished in 0.01 seconds. Local cache hits 1 (0.01s CPU time), remote cache hits 0 (0.00s CPU time), compiled 0 variants (0.00s CPU time), skipped 0 variants.
    Prepared data for serialisation in 0.00s
  Pass  (vp, d3d11) finished in 0.01 seconds. Local cache hits 1 (0.01s CPU time), remote cache hits 0 (0.00s CPU time), compiled 0 variants (0.00s CPU time), skipped 0 variants.
    Prepared data for serialisation in 0.00s
  Pass  (fp, d3d11) finished in 0.01 seconds. Local cache hits 1 (0.00s CPU time), remote cache hits 0 (0.00s CPU time), compiled 0 variants (0.00s CPU time), skipped 0 variants.
    Prepared data for serialisation in 0.00s
Serialized binary data for shader Hidden/Internal-DepthNormalsTexture in 0.00s
    d3d11 (total internal programs: 20, unique: 17)
Compiling shader "Hidden/Internal-ScreenSpaceShadows"
  Pass "" (vp)
    Target graphics API: d3d11
    Full variant space:         4
    After settings filtering:   4
    After built-in stripping:   4
    After scriptable stripping: 4
    Processed in 0.00 seconds
  Pass "" (fp)
    Target graphics API: d3d11
    Full variant space:         4
    After settings filtering:   4
    After built-in stripping:   4
    After scriptable stripping: 4
    Processed in 0.00 seconds
  Pass "" (vp)
    Target graphics API: d3d11
    Full variant space:         4
    After settings filtering:   4
    After built-in stripping:   4
    After scriptable stripping: 4
    Processed in 0.00 seconds
  Pass "" (fp)
    Target graphics API: d3d11
    Full variant space:         4
    After settings filtering:   4
    After built-in stripping:   4
    After scriptable stripping: 4
    Processed in 0.00 seconds
  Pass "" (vp)
    Target graphics API: d3d11
    Full variant space:         4
    After settings filtering:   4
    After built-in stripping:   4
    After scriptable stripping: 4
    Processed in 0.00 seconds
  Pass "" (fp)
    Target graphics API: d3d11
    Full variant space:         4
    After settings filtering:   4
    After built-in stripping:   4
    After scriptable stripping: 4
    Processed in 0.00 seconds
  Pass "" (vp)
    Target graphics API: d3d11
    Full variant space:         4
    After settings filtering:   4
    After built-in stripping:   4
    After scriptable stripping: 4
    Processed in 0.00 seconds
  Pass "" (fp)
    Target graphics API: d3d11
    Full variant space:         4
    After settings filtering:   4
    After built-in stripping:   4
    After scriptable stripping: 4
    Processed in 0.00 seconds
  Pass  (vp, d3d11) finished in 0.01 seconds. Local cache hits 4 (0.02s CPU time), remote cache hits 0 (0.00s CPU time), compiled 0 variants (0.00s CPU time), skipped 0 variants.
    Prepared data for serialisation in 0.00s
  Pass  (fp, d3d11) finished in 0.01 seconds. Local cache hits 4 (0.03s CPU time), remote cache hits 0 (0.00s CPU time), compiled 0 variants (0.00s CPU time), skipped 0 variants.
    Prepared data for serialisation in 0.00s
  Pass  (vp, d3d11) finished in 0.01 seconds. Local cache hits 4 (0.02s CPU time), remote cache hits 0 (0.00s CPU time), compiled 0 variants (0.00s CPU time), skipped 0 variants.
    Prepared data for serialisation in 0.00s
  Pass  (fp, d3d11) finished in 0.01 seconds. Local cache hits 4 (0.03s CPU time), remote cache hits 0 (0.00s CPU time), compiled 0 variants (0.00s CPU time), skipped 0 variants.
    Prepared data for serialisation in 0.00s
  Pass  (vp, d3d11) finished in 0.01 seconds. Local cache hits 4 (0.00s CPU time), remote cache hits 0 (0.00s CPU time), compiled 0 variants (0.00s CPU time), skipped 0 variants.
    Prepared data for serialisation in 0.00s
  Pass  (fp, d3d11) finished in 0.01 seconds. Local cache hits 4 (0.03s CPU time), remote cache hits 0 (0.00s CPU time), compiled 0 variants (0.00s CPU time), skipped 0 variants.
    Prepared data for serialisation in 0.00s
  Pass  (vp, d3d11) finished in 0.01 seconds. Local cache hits 4 (0.00s CPU time), remote cache hits 0 (0.00s CPU time), compiled 0 variants (0.00s CPU time), skipped 0 variants.
    Prepared data for serialisation in 0.00s
  Pass  (fp, d3d11) finished in 0.01 seconds. Local cache hits 4 (0.02s CPU time), remote cache hits 0 (0.00s CPU time), compiled 0 variants (0.00s CPU time), skipped 0 variants.
    Prepared data for serialisation in 0.00s
Serialized binary data for shader Hidden/Internal-ScreenSpaceShadows in 0.00s
    d3d11 (total internal programs: 32, unique: 20)
Compiling shader "Hidden/Internal-CombineDepthNormals"
  Pass "" (vp)
    Target graphics API: d3d11
    Full variant space:         1
    After settings filtering:   1
    After built-in stripping:   1
    After scriptable stripping: 1
    Processed in 0.00 seconds
  Pass "" (fp)
    Target graphics API: d3d11
    Full variant space:         1
    After settings filtering:   1
    After built-in stripping:   1
    After scriptable stripping: 1
    Processed in 0.00 seconds
  Pass  (vp, d3d11) finished in 0.01 seconds. Local cache hits 1 (0.01s CPU time), remote cache hits 0 (0.00s CPU time), compiled 0 variants (0.00s CPU time), skipped 0 variants.
    Prepared data for serialisation in 0.00s
  Pass  (fp, d3d11) finished in 0.01 seconds. Local cache hits 1 (0.00s CPU time), remote cache hits 0 (0.00s CPU time), compiled 0 variants (0.00s CPU time), skipped 0 variants.
    Prepared data for serialisation in 0.00s
Serialized binary data for shader Hidden/Internal-CombineDepthNormals in 0.00s
    d3d11 (total internal programs: 2, unique: 2)
Compiling shader "Hidden/BlitCopy"
  Pass "" (vp)
    Target graphics API: d3d11
    Full variant space:         1
    After settings filtering:   1
    After built-in stripping:   1
    After scriptable stripping: 1
    Processed in 0.00 seconds
  Pass "" (fp)
    Target graphics API: d3d11
    Full variant space:         1
    After settings filtering:   1
    After built-in stripping:   1
    After scriptable stripping: 1
    Processed in 0.00 seconds
  Pass  (vp, d3d11) finished in 0.00 seconds. Local cache hits 1 (0.00s CPU time), remote cache hits 0 (0.00s CPU time), compiled 0 variants (0.00s CPU time), skipped 0 variants.
    Prepared data for serialisation in 0.00s
  Pass  (fp, d3d11) finished in 0.00 seconds. Local cache hits 1 (0.00s CPU time), remote cache hits 0 (0.00s CPU time), compiled 0 variants (0.00s CPU time), skipped 0 variants.
    Prepared data for serialisation in 0.00s
Serialized binary data for shader Hidden/BlitCopy in 0.00s
    d3d11 (total internal programs: 2, unique: 2)
Compiling shader "Hidden/BlitCopyDepth"
  Pass "" (vp)
    Target graphics API: d3d11
    Full variant space:         1
    After settings filtering:   1
    After built-in stripping:   1
    After scriptable stripping: 1
    Processed in 0.00 seconds
  Pass "" (fp)
    Target graphics API: d3d11
    Full variant space:         1
    After settings filtering:   1
    After built-in stripping:   1
    After scriptable stripping: 1
    Processed in 0.00 seconds
  Pass  (vp, d3d11) finished in 0.01 seconds. Local cache hits 1 (0.01s CPU time), remote cache hits 0 (0.00s CPU time), compiled 0 variants (0.00s CPU time), skipped 0 variants.
    Prepared data for serialisation in 0.00s
  Pass  (fp, d3d11) finished in 0.01 seconds. Local cache hits 1 (0.00s CPU time), remote cache hits 0 (0.00s CPU time), compiled 0 variants (0.00s CPU time), skipped 0 variants.
    Prepared data for serialisation in 0.00s
Serialized binary data for shader Hidden/BlitCopyDepth in 0.00s
    d3d11 (total internal programs: 2, unique: 2)
Compiling shader "Hidden/ConvertTexture"
  Pass "" (vp)
    Target graphics API: d3d11
    Full variant space:         1
    After settings filtering:   1
    After built-in stripping:   1
    After scriptable stripping: 1
    Processed in 0.00 seconds
  Pass "" (fp)
    Target graphics API: d3d11
    Full variant space:         1
    After settings filtering:   1
    After built-in stripping:   1
    After scriptable stripping: 1
    Processed in 0.00 seconds
  Pass  (vp, d3d11) finished in 0.00 seconds. Local cache hits 1 (0.00s CPU time), remote cache hits 0 (0.00s CPU time), compiled 0 variants (0.00s CPU time), skipped 0 variants.
    Prepared data for serialisation in 0.00s
  Pass  (fp, d3d11) finished in 0.01 seconds. Local cache hits 1 (0.01s CPU time), remote cache hits 0 (0.00s CPU time), compiled 0 variants (0.00s CPU time), skipped 0 variants.
    Prepared data for serialisation in 0.00s
Serialized binary data for shader Hidden/ConvertTexture in 0.00s
    d3d11 (total internal programs: 2, unique: 2)
Compiling shader "Hidden/Internal-DeferredShading"
  Pass "" (vp)
    Target graphics API: d3d11
    Full variant space:         94
    After settings filtering:   94
    After built-in stripping:   26
    After scriptable stripping: 26
    Processed in 0.00 seconds
  Pass "" (fp)
    Target graphics API: d3d11
    Full variant space:         94
    After settings filtering:   94
    After built-in stripping:   26
    After scriptable stripping: 26
    Processed in 0.00 seconds
  Pass "" (vp)
    Target graphics API: d3d11
    Full variant space:         1
    After settings filtering:   1
    After built-in stripping:   1
    After scriptable stripping: 1
    Processed in 0.00 seconds
  Pass "" (fp)
    Target graphics API: d3d11
    Full variant space:         1
    After settings filtering:   1
    After built-in stripping:   1
    After scriptable stripping: 1
    Processed in 0.00 seconds
  Pass  (vp, d3d11) finished in 0.02 seconds. Local cache hits 26 (0.21s CPU time), remote cache hits 0 (0.00s CPU time), compiled 0 variants (0.00s CPU time), skipped 0 variants.
    Prepared data for serialisation in 0.00s
  Pass  (fp, d3d11) finished in 0.02 seconds. Local cache hits 26 (0.18s CPU time), remote cache hits 0 (0.00s CPU time), compiled 0 variants (0.00s CPU time), skipped 0 variants.
    Prepared data for serialisation in 0.00s
  Pass  (vp, d3d11) finished in 0.01 seconds. Local cache hits 1 (0.00s CPU time), remote cache hits 0 (0.00s CPU time), compiled 0 variants (0.00s CPU time), skipped 0 variants.
    Prepared data for serialisation in 0.00s
  Pass  (fp, d3d11) finished in 0.01 seconds. Local cache hits 1 (0.00s CPU time), remote cache hits 0 (0.00s CPU time), compiled 0 variants (0.00s CPU time), skipped 0 variants.
    Prepared data for serialisation in 0.00s
Serialized binary data for shader Hidden/Internal-DeferredShading in 0.00s
    d3d11 (total internal programs: 54, unique: 54)
Compiling shader "Hidden/Internal-DeferredReflections"
  Pass "" (vp)
    Target graphics API: d3d11
    Full variant space:         1
    After settings filtering:   1
    After built-in stripping:   1
    After scriptable stripping: 1
    Processed in 0.00 seconds
  Pass "" (fp)
    Target graphics API: d3d11
    Full variant space:         1
    After settings filtering:   1
    After built-in stripping:   1
    After scriptable stripping: 1
    Processed in 0.00 seconds
  Pass "" (vp)
    Target graphics API: d3d11
    Full variant space:         2
    After settings filtering:   2
    After built-in stripping:   2
    After scriptable stripping: 2
    Processed in 0.00 seconds
  Pass "" (fp)
    Target graphics API: d3d11
    Full variant space:         2
    After settings filtering:   2
    After built-in stripping:   2
    After scriptable stripping: 2
    Processed in 0.00 seconds
  Pass  (vp, d3d11) finished in 0.00 seconds. Local cache hits 1 (0.00s CPU time), remote cache hits 0 (0.00s CPU time), compiled 0 variants (0.00s CPU time), skipped 0 variants.
    Prepared data for serialisation in 0.00s
  Pass  (fp, d3d11) finished in 0.00 seconds. Local cache hits 1 (0.00s CPU time), remote cache hits 0 (0.00s CPU time), compiled 0 variants (0.00s CPU time), skipped 0 variants.
    Prepared data for serialisation in 0.00s
  Pass  (vp, d3d11) finished in 0.00 seconds. Local cache hits 2 (0.01s CPU time), remote cache hits 0 (0.00s CPU time), compiled 0 variants (0.00s CPU time), skipped 0 variants.
    Prepared data for serialisation in 0.00s
  Pass  (fp, d3d11) finished in 0.01 seconds. Local cache hits 2 (0.01s CPU time), remote cache hits 0 (0.00s CPU time), compiled 0 variants (0.00s CPU time), skipped 0 variants.
    Prepared data for serialisation in 0.00s
Serialized binary data for shader Hidden/Internal-DeferredReflections in 0.00s
    d3d11 (total internal programs: 6, unique: 6)
Compiling shader "Hidden/Internal-MotionVectors"
  Pass "" (vp)
    Target graphics API: d3d11
    Full variant space:         1
    After settings filtering:   1
    After built-in stripping:   1
    After scriptable stripping: 1
    Processed in 0.00 seconds
  Pass "" (fp)
    Target graphics API: d3d11
    Full variant space:         1
    After settings filtering:   1
    After built-in stripping:   1
    After scriptable stripping: 1
    Processed in 0.00 seconds
  Pass "" (vp)
    Target graphics API: d3d11
    Full variant space:         1
    After settings filtering:   1
    After built-in stripping:   1
    After scriptable stripping: 1
    Processed in 0.00 seconds
  Pass "" (fp)
    Target graphics API: d3d11
    Full variant space:         1
    After settings filtering:   1
    After built-in stripping:   1
    After scriptable stripping: 1
    Processed in 0.00 seconds
  Pass "" (vp)
    Target graphics API: d3d11
    Full variant space:         1
    After settings filtering:   1
    After built-in stripping:   1
    After scriptable stripping: 1
    Processed in 0.00 seconds
  Pass "" (fp)
    Target graphics API: d3d11
    Full variant space:         1
    After settings filtering:   1
    After built-in stripping:   1
    After scriptable stripping: 1
    Processed in 0.00 seconds
  Pass  (vp, d3d11) finished in 0.00 seconds. Local cache hits 1 (0.00s CPU time), remote cache hits 0 (0.00s CPU time), compiled 0 variants (0.00s CPU time), skipped 0 variants.
    Prepared data for serialisation in 0.00s
  Pass  (fp, d3d11) finished in 0.00 seconds. Local cache hits 1 (0.00s CPU time), remote cache hits 0 (0.00s CPU time), compiled 0 variants (0.00s CPU time), skipped 0 variants.
    Prepared data for serialisation in 0.00s
  Pass  (vp, d3d11) finished in 0.00 seconds. Local cache hits 1 (0.00s CPU time), remote cache hits 0 (0.00s CPU time), compiled 0 variants (0.00s CPU time), skipped 0 variants.
    Prepared data for serialisation in 0.00s
  Pass  (fp, d3d11) finished in 0.00 seconds. Local cache hits 1 (0.00s CPU time), remote cache hits 0 (0.00s CPU time), compiled 0 variants (0.00s CPU time), skipped 0 variants.
    Prepared data for serialisation in 0.00s
  Pass  (vp, d3d11) finished in 0.00 seconds. Local cache hits 1 (0.00s CPU time), remote cache hits 0 (0.00s CPU time), compiled 0 variants (0.00s CPU time), skipped 0 variants.
    Prepared data for serialisation in 0.00s
  Pass  (fp, d3d11) finished in 0.00 seconds. Local cache hits 1 (0.00s CPU time), remote cache hits 0 (0.00s CPU time), compiled 0 variants (0.00s CPU time), skipped 0 variants.
    Prepared data for serialisation in 0.00s
Serialized binary data for shader Hidden/Internal-MotionVectors in 0.00s
    d3d11 (total internal programs: 6, unique: 5)
Compiling shader "Hidden/Internal-Flare"
  Pass "" (vp)
    Target graphics API: d3d11
    Full variant space:         1
    After settings filtering:   1
    After built-in stripping:   1
    After scriptable stripping: 1
    Processed in 0.00 seconds
  Pass "" (fp)
    Target graphics API: d3d11
    Full variant space:         1
    After settings filtering:   1
    After built-in stripping:   1
    After scriptable stripping: 1
    Processed in 0.00 seconds
  Pass  (vp, d3d11) finished in 0.00 seconds. Local cache hits 1 (0.00s CPU time), remote cache hits 0 (0.00s CPU time), compiled 0 variants (0.00s CPU time), skipped 0 variants.
    Prepared data for serialisation in 0.00s
  Pass  (fp, d3d11) finished in 0.01 seconds. Local cache hits 1 (0.01s CPU time), remote cache hits 0 (0.00s CPU time), compiled 0 variants (0.00s CPU time), skipped 0 variants.
    Prepared data for serialisation in 0.00s
Serialized binary data for shader Hidden/Internal-Flare in 0.00s
    d3d11 (total internal programs: 2, unique: 2)
Compiling shader "Hidden/Internal-Halo"
  Pass "" (vp)
    Target graphics API: d3d11
    Full variant space:         4
    After settings filtering:   4
    After built-in stripping:   1
    After scriptable stripping: 1
    Processed in 0.00 seconds
  Pass "" (fp)
    Target graphics API: d3d11
    Full variant space:         4
    After settings filtering:   4
    After built-in stripping:   1
    After scriptable stripping: 1
    Processed in 0.00 seconds
  Pass  (vp, d3d11) finished in 0.00 seconds. Local cache hits 1 (0.00s CPU time), remote cache hits 0 (0.00s CPU time), compiled 0 variants (0.00s CPU time), skipped 0 variants.
    Prepared data for serialisation in 0.00s
  Pass  (fp, d3d11) finished in 0.00 seconds. Local cache hits 1 (0.00s CPU time), remote cache hits 0 (0.00s CPU time), compiled 0 variants (0.00s CPU time), skipped 0 variants.
    Prepared data for serialisation in 0.00s
Serialized binary data for shader Hidden/Internal-Halo in 0.00s
    d3d11 (total internal programs: 2, unique: 2)
Compiling shader "Hidden/BlitCopyWithDepth"
  Pass "" (vp)
    Target graphics API: d3d11
    Full variant space:         1
    After settings filtering:   1
    After built-in stripping:   1
    After scriptable stripping: 1
    Processed in 0.00 seconds
  Pass "" (fp)
    Target graphics API: d3d11
    Full variant space:         1
    After settings filtering:   1
    After built-in stripping:   1
    After scriptable stripping: 1
    Processed in 0.00 seconds
  Pass  (vp, d3d11) finished in 0.00 seconds. Local cache hits 1 (0.00s CPU time), remote cache hits 0 (0.00s CPU time), compiled 0 variants (0.00s CPU time), skipped 0 variants.
    Prepared data for serialisation in 0.00s
  Pass  (fp, d3d11) finished in 0.01 seconds. Local cache hits 1 (0.01s CPU time), remote cache hits 0 (0.00s CPU time), compiled 0 variants (0.00s CPU time), skipped 0 variants.
    Prepared data for serialisation in 0.00s
Serialized binary data for shader Hidden/BlitCopyWithDepth in 0.00s
    d3d11 (total internal programs: 2, unique: 2)
Compiling shader "Hidden/BlitToDepth"
  Pass "" (vp)
    Target graphics API: d3d11
    Full variant space:         1
    After settings filtering:   1
    After built-in stripping:   1
    After scriptable stripping: 1
    Processed in 0.00 seconds
  Pass "" (fp)
    Target graphics API: d3d11
    Full variant space:         1
    After settings filtering:   1
    After built-in stripping:   1
    After scriptable stripping: 1
    Processed in 0.00 seconds
  Pass  (vp, d3d11) finished in 0.01 seconds. Local cache hits 1 (0.01s CPU time), remote cache hits 0 (0.00s CPU time), compiled 0 variants (0.00s CPU time), skipped 0 variants.
    Prepared data for serialisation in 0.00s
  Pass  (fp, d3d11) finished in 0.01 seconds. Local cache hits 1 (0.01s CPU time), remote cache hits 0 (0.00s CPU time), compiled 0 variants (0.00s CPU time), skipped 0 variants.
    Prepared data for serialisation in 0.00s
Serialized binary data for shader Hidden/BlitToDepth in 0.00s
    d3d11 (total internal programs: 2, unique: 2)
Compiling shader "Hidden/BlitToDepth_MSAA"
  Pass "" (vp)
    Target graphics API: d3d11
    Full variant space:         1
    After settings filtering:   1
    After built-in stripping:   1
    After scriptable stripping: 1
    Processed in 0.00 seconds
  Pass "" (fp)
    Target graphics API: d3d11
    Full variant space:         1
    After settings filtering:   1
    After built-in stripping:   1
    After scriptable stripping: 1
    Processed in 0.00 seconds
  Pass  (vp, d3d11) finished in 0.00 seconds. Local cache hits 1 (0.00s CPU time), remote cache hits 0 (0.00s CPU time), compiled 0 variants (0.00s CPU time), skipped 0 variants.
    Prepared data for serialisation in 0.00s
  Pass  (fp, d3d11) finished in 0.00 seconds. Local cache hits 1 (0.00s CPU time), remote cache hits 0 (0.00s CPU time), compiled 0 variants (0.00s CPU time), skipped 0 variants.
    Prepared data for serialisation in 0.00s
Serialized binary data for shader Hidden/BlitToDepth_MSAA in 0.00s
    d3d11 (total internal programs: 2, unique: 2)
Compiling shader "Hidden/BlitCopyHDRTonemap"
  Pass "" (vp)
    Target graphics API: d3d11
    Full variant space:         1
    After settings filtering:   1
    After built-in stripping:   1
    After scriptable stripping: 1
    Processed in 0.00 seconds
  Pass "" (fp)
    Target graphics API: d3d11
    Full variant space:         1
    After settings filtering:   1
    After built-in stripping:   1
    After scriptable stripping: 1
    Processed in 0.00 seconds
  Pass  (vp, d3d11) finished in 0.00 seconds. Local cache hits 1 (0.00s CPU time), remote cache hits 0 (0.00s CPU time), compiled 0 variants (0.00s CPU time), skipped 0 variants.
    Prepared data for serialisation in 0.00s
  Pass  (fp, d3d11) finished in 0.00 seconds. Local cache hits 1 (0.00s CPU time), remote cache hits 0 (0.00s CPU time), compiled 0 variants (0.00s CPU time), skipped 0 variants.
    Prepared data for serialisation in 0.00s
Serialized binary data for shader Hidden/BlitCopyHDRTonemap in 0.00s
    d3d11 (total internal programs: 2, unique: 2)
Compiling shader "Hidden/Internal-DebugPattern"
  Pass "Target Color and DepthStencil" (vp)
    Target graphics API: d3d11
    Full variant space:         1
    After settings filtering:   1
    After built-in stripping:   1
    After scriptable stripping: 1
    Processed in 0.00 seconds
  Pass "Target Color and DepthStencil" (fp)
    Target graphics API: d3d11
    Full variant space:         1
    After settings filtering:   1
    After built-in stripping:   1
    After scriptable stripping: 1
    Processed in 0.00 seconds
  Pass "Target only Color" (vp)
    Target graphics API: d3d11
    Full variant space:         1
    After settings filtering:   1
    After built-in stripping:   1
    After scriptable stripping: 1
    Processed in 0.00 seconds
  Pass "Target only Color" (fp)
    Target graphics API: d3d11
    Full variant space:         1
    After settings filtering:   1
    After built-in stripping:   1
    After scriptable stripping: 1
    Processed in 0.00 seconds
  Pass "Target only DepthStencil" (vp)
    Target graphics API: d3d11
    Full variant space:         1
    After settings filtering:   1
    After built-in stripping:   1
    After scriptable stripping: 1
    Processed in 0.00 seconds
  Pass "Target only DepthStencil" (fp)
    Target graphics API: d3d11
    Full variant space:         1
    After settings filtering:   1
    After built-in stripping:   1
    After scriptable stripping: 1
    Processed in 0.00 seconds
  Pass Target Color and DepthStencil (vp, d3d11) finished in 0.01 seconds. Local cache hits 1 (0.01s CPU time), remote cache hits 0 (0.00s CPU time), compiled 0 variants (0.00s CPU time), skipped 0 variants.
    Prepared data for serialisation in 0.00s
  Pass Target Color and DepthStencil (fp, d3d11) finished in 0.01 seconds. Local cache hits 1 (0.01s CPU time), remote cache hits 0 (0.00s CPU time), compiled 0 variants (0.00s CPU time), skipped 0 variants.
    Prepared data for serialisation in 0.00s
  Pass Target only Color (vp, d3d11) finished in 0.01 seconds. Local cache hits 1 (0.00s CPU time), remote cache hits 0 (0.00s CPU time), compiled 0 variants (0.00s CPU time), skipped 0 variants.
    Prepared data for serialisation in 0.00s
  Pass Target only Color (fp, d3d11) finished in 0.01 seconds. Local cache hits 1 (0.00s CPU time), remote cache hits 0 (0.00s CPU time), compiled 0 variants (0.00s CPU time), skipped 0 variants.
    Prepared data for serialisation in 0.00s
  Pass Target only DepthStencil (vp, d3d11) finished in 0.00 seconds. Local cache hits 1 (0.00s CPU time), remote cache hits 0 (0.00s CPU time), compiled 0 variants (0.00s CPU time), skipped 0 variants.
    Prepared data for serialisation in 0.00s
  Pass Target only DepthStencil (fp, d3d11) finished in 0.00 seconds. Local cache hits 1 (0.00s CPU time), remote cache hits 0 (0.00s CPU time), compiled 0 variants (0.00s CPU time), skipped 0 variants.
    Prepared data for serialisation in 0.00s
Serialized binary data for shader Hidden/Internal-DebugPattern in 0.00s
    d3d11 (total internal programs: 6, unique: 4)
Compiling shader "Hidden/Internal-GUITextureClip"
  Pass "" (vp)
    Target graphics API: d3d11
    Full variant space:         1
    After settings filtering:   1
    After built-in stripping:   1
    After scriptable stripping: 1
    Processed in 0.00 seconds
  Pass "" (fp)
    Target graphics API: d3d11
    Full variant space:         1
    After settings filtering:   1
    After built-in stripping:   1
    After scriptable stripping: 1
    Processed in 0.00 seconds
  Pass "" (vp)
    Target graphics API: d3d11
    Full variant space:         1
    After settings filtering:   1
    After built-in stripping:   1
    After scriptable stripping: 1
    Processed in 0.00 seconds
  Pass "" (fp)
    Target graphics API: d3d11
    Full variant space:         1
    After settings filtering:   1
    After built-in stripping:   1
    After scriptable stripping: 1
    Processed in 0.00 seconds
  Pass  (vp, d3d11) finished in 0.00 seconds. Local cache hits 1 (0.00s CPU time), remote cache hits 0 (0.00s CPU time), compiled 0 variants (0.00s CPU time), skipped 0 variants.
    Prepared data for serialisation in 0.00s
  Pass  (fp, d3d11) finished in 0.00 seconds. Local cache hits 1 (0.00s CPU time), remote cache hits 0 (0.00s CPU time), compiled 0 variants (0.00s CPU time), skipped 0 variants.
    Prepared data for serialisation in 0.00s
  Pass  (vp, d3d11) finished in 0.00 seconds. Local cache hits 1 (0.00s CPU time), remote cache hits 0 (0.00s CPU time), compiled 0 variants (0.00s CPU time), skipped 0 variants.
    Prepared data for serialisation in 0.00s
  Pass  (fp, d3d11) finished in 0.01 seconds. Local cache hits 1 (0.01s CPU time), remote cache hits 0 (0.00s CPU time), compiled 0 variants (0.00s CPU time), skipped 0 variants.
    Prepared data for serialisation in 0.00s
Serialized binary data for shader Hidden/Internal-GUITextureClip in 0.00s
    d3d11 (total internal programs: 4, unique: 2)
Compiling shader "Hidden/Internal-GUITextureClipText"
  Pass "" (vp)
    Target graphics API: d3d11
    Full variant space:         1
    After settings filtering:   1
    After built-in stripping:   1
    After scriptable stripping: 1
    Processed in 0.00 seconds
  Pass "" (fp)
    Target graphics API: d3d11
    Full variant space:         1
    After settings filtering:   1
    After built-in stripping:   1
    After scriptable stripping: 1
    Processed in 0.00 seconds
  Pass "" (vp)
    Target graphics API: d3d11
    Full variant space:         1
    After settings filtering:   1
    After built-in stripping:   1
    After scriptable stripping: 1
    Processed in 0.00 seconds
  Pass "" (fp)
    Target graphics API: d3d11
    Full variant space:         1
    After settings filtering:   1
    After built-in stripping:   1
    After scriptable stripping: 1
    Processed in 0.00 seconds
  Pass  (vp, d3d11) finished in 0.00 seconds. Local cache hits 1 (0.00s CPU time), remote cache hits 0 (0.00s CPU time), compiled 0 variants (0.00s CPU time), skipped 0 variants.
    Prepared data for serialisation in 0.00s
  Pass  (fp, d3d11) finished in 0.00 seconds. Local cache hits 1 (0.00s CPU time), remote cache hits 0 (0.00s CPU time), compiled 0 variants (0.00s CPU time), skipped 0 variants.
    Prepared data for serialisation in 0.00s
  Pass  (vp, d3d11) finished in 0.00 seconds. Local cache hits 1 (0.00s CPU time), remote cache hits 0 (0.00s CPU time), compiled 0 variants (0.00s CPU time), skipped 0 variants.
    Prepared data for serialisation in 0.00s
  Pass  (fp, d3d11) finished in 0.00 seconds. Local cache hits 1 (0.00s CPU time), remote cache hits 0 (0.00s CPU time), compiled 0 variants (0.00s CPU time), skipped 0 variants.
    Prepared data for serialisation in 0.00s
Serialized binary data for shader Hidden/Internal-GUITextureClipText in 0.00s
    d3d11 (total internal programs: 4, unique: 2)
Compiling shader "Hidden/Internal-GUITexture"
  Pass "" (vp)
    Target graphics API: d3d11
    Full variant space:         1
    After settings filtering:   1
    After built-in stripping:   1
    After scriptable stripping: 1
    Processed in 0.00 seconds
  Pass "" (fp)
    Target graphics API: d3d11
    Full variant space:         1
    After settings filtering:   1
    After built-in stripping:   1
    After scriptable stripping: 1
    Processed in 0.00 seconds
  Pass "" (vp)
    Target graphics API: d3d11
    Full variant space:         1
    After settings filtering:   1
    After built-in stripping:   1
    After scriptable stripping: 1
    Processed in 0.00 seconds
  Pass "" (fp)
    Target graphics API: d3d11
    Full variant space:         1
    After settings filtering:   1
    After built-in stripping:   1
    After scriptable stripping: 1
    Processed in 0.00 seconds
  Pass  (vp, d3d11) finished in 0.00 seconds. Local cache hits 1 (0.00s CPU time), remote cache hits 0 (0.00s CPU time), compiled 0 variants (0.00s CPU time), skipped 0 variants.
    Prepared data for serialisation in 0.00s
  Pass  (fp, d3d11) finished in 0.01 seconds. Local cache hits 1 (0.01s CPU time), remote cache hits 0 (0.00s CPU time), compiled 0 variants (0.00s CPU time), skipped 0 variants.
    Prepared data for serialisation in 0.00s
  Pass  (vp, d3d11) finished in 0.01 seconds. Local cache hits 1 (0.00s CPU time), remote cache hits 0 (0.00s CPU time), compiled 0 variants (0.00s CPU time), skipped 0 variants.
    Prepared data for serialisation in 0.00s
  Pass  (fp, d3d11) finished in 0.01 seconds. Local cache hits 1 (0.00s CPU time), remote cache hits 0 (0.00s CPU time), compiled 0 variants (0.00s CPU time), skipped 0 variants.
    Prepared data for serialisation in 0.00s
Serialized binary data for shader Hidden/Internal-GUITexture in 0.00s
    d3d11 (total internal programs: 4, unique: 2)
Compiling shader "Hidden/Internal-GUITextureBlit"
  Pass "" (vp)
    Target graphics API: d3d11
    Full variant space:         1
    After settings filtering:   1
    After built-in stripping:   1
    After scriptable stripping: 1
    Processed in 0.00 seconds
  Pass "" (fp)
    Target graphics API: d3d11
    Full variant space:         1
    After settings filtering:   1
    After built-in stripping:   1
    After scriptable stripping: 1
    Processed in 0.00 seconds
  Pass "" (vp)
    Target graphics API: d3d11
    Full variant space:         1
    After settings filtering:   1
    After built-in stripping:   1
    After scriptable stripping: 1
    Processed in 0.00 seconds
  Pass "" (fp)
    Target graphics API: d3d11
    Full variant space:         1
    After settings filtering:   1
    After built-in stripping:   1
    After scriptable stripping: 1
    Processed in 0.00 seconds
  Pass  (vp, d3d11) finished in 0.00 seconds. Local cache hits 1 (0.00s CPU time), remote cache hits 0 (0.00s CPU time), compiled 0 variants (0.00s CPU time), skipped 0 variants.
    Prepared data for serialisation in 0.00s
  Pass  (fp, d3d11) finished in 0.00 seconds. Local cache hits 1 (0.00s CPU time), remote cache hits 0 (0.00s CPU time), compiled 0 variants (0.00s CPU time), skipped 0 variants.
    Prepared data for serialisation in 0.00s
  Pass  (vp, d3d11) finished in 0.00 seconds. Local cache hits 1 (0.00s CPU time), remote cache hits 0 (0.00s CPU time), compiled 0 variants (0.00s CPU time), skipped 0 variants.
    Prepared data for serialisation in 0.00s
  Pass  (fp, d3d11) finished in 0.00 seconds. Local cache hits 1 (0.00s CPU time), remote cache hits 0 (0.00s CPU time), compiled 0 variants (0.00s CPU time), skipped 0 variants.
    Prepared data for serialisation in 0.00s
Serialized binary data for shader Hidden/Internal-GUITextureBlit in 0.00s
    d3d11 (total internal programs: 4, unique: 2)
Compiling shader "Hidden/Internal-GUIRoundedRect"
  Pass "" (vp)
    Target graphics API: d3d11
    Full variant space:         1
    After settings filtering:   1
    After built-in stripping:   1
    After scriptable stripping: 1
    Processed in 0.00 seconds
  Pass "" (fp)
    Target graphics API: d3d11
    Full variant space:         1
    After settings filtering:   1
    After built-in stripping:   1
    After scriptable stripping: 1
    Processed in 0.00 seconds
  Pass "" (vp)
    Target graphics API: d3d11
    Full variant space:         1
    After settings filtering:   1
    After built-in stripping:   1
    After scriptable stripping: 1
    Processed in 0.00 seconds
  Pass "" (fp)
    Target graphics API: d3d11
    Full variant space:         1
    After settings filtering:   1
    After built-in stripping:   1
    After scriptable stripping: 1
    Processed in 0.00 seconds
  Pass  (vp, d3d11) finished in 0.00 seconds. Local cache hits 1 (0.00s CPU time), remote cache hits 0 (0.00s CPU time), compiled 0 variants (0.00s CPU time), skipped 0 variants.
    Prepared data for serialisation in 0.00s
  Pass  (fp, d3d11) finished in 0.01 seconds. Local cache hits 1 (0.01s CPU time), remote cache hits 0 (0.00s CPU time), compiled 0 variants (0.00s CPU time), skipped 0 variants.
    Prepared data for serialisation in 0.00s
  Pass  (vp, d3d11) finished in 0.01 seconds. Local cache hits 1 (0.00s CPU time), remote cache hits 0 (0.00s CPU time), compiled 0 variants (0.00s CPU time), skipped 0 variants.
    Prepared data for serialisation in 0.00s
  Pass  (fp, d3d11) finished in 0.00 seconds. Local cache hits 1 (0.00s CPU time), remote cache hits 0 (0.00s CPU time), compiled 0 variants (0.00s CPU time), skipped 0 variants.
    Prepared data for serialisation in 0.00s
Serialized binary data for shader Hidden/Internal-GUIRoundedRect in 0.00s
    d3d11 (total internal programs: 4, unique: 2)
Compiling shader "Hidden/Internal-GUIRoundedRectWithColorPerBorder"
  Pass "" (vp)
    Target graphics API: d3d11
    Full variant space:         1
    After settings filtering:   1
    After built-in stripping:   1
    After scriptable stripping: 1
    Processed in 0.00 seconds
  Pass "" (fp)
    Target graphics API: d3d11
    Full variant space:         1
    After settings filtering:   1
    After built-in stripping:   1
    After scriptable stripping: 1
    Processed in 0.00 seconds
  Pass "" (vp)
    Target graphics API: d3d11
    Full variant space:         1
    After settings filtering:   1
    After built-in stripping:   1
    After scriptable stripping: 1
    Processed in 0.00 seconds
  Pass "" (fp)
    Target graphics API: d3d11
    Full variant space:         1
    After settings filtering:   1
    After built-in stripping:   1
    After scriptable stripping: 1
    Processed in 0.00 seconds
  Pass  (vp, d3d11) finished in 0.00 seconds. Local cache hits 1 (0.00s CPU time), remote cache hits 0 (0.00s CPU time), compiled 0 variants (0.00s CPU time), skipped 0 variants.
    Prepared data for serialisation in 0.00s
  Pass  (fp, d3d11) finished in 0.00 seconds. Local cache hits 1 (0.00s CPU time), remote cache hits 0 (0.00s CPU time), compiled 0 variants (0.00s CPU time), skipped 0 variants.
    Prepared data for serialisation in 0.00s
  Pass  (vp, d3d11) finished in 0.00 seconds. Local cache hits 1 (0.00s CPU time), remote cache hits 0 (0.00s CPU time), compiled 0 variants (0.00s CPU time), skipped 0 variants.
    Prepared data for serialisation in 0.00s
  Pass  (fp, d3d11) finished in 0.01 seconds. Local cache hits 1 (0.01s CPU time), remote cache hits 0 (0.00s CPU time), compiled 0 variants (0.00s CPU time), skipped 0 variants.
    Prepared data for serialisation in 0.00s
Serialized binary data for shader Hidden/Internal-GUIRoundedRectWithColorPerBorder in 0.00s
    d3d11 (total internal programs: 4, unique: 2)
Compiling shader "Hidden/Internal-UIRDefault"
  Pass "" (vp)
    Target graphics API: d3d11
    Full variant space:         40
    After settings filtering:   40
    After built-in stripping:   40
    After scriptable stripping: 40
    Processed in 0.00 seconds
  Pass "" (fp)
    Target graphics API: d3d11
    Full variant space:         40
    After settings filtering:   40
    After built-in stripping:   40
    After scriptable stripping: 40
    Processed in 0.00 seconds
  Pass  (vp, d3d11) finished in 0.03 seconds. Local cache hits 40 (0.32s CPU time), remote cache hits 0 (0.00s CPU time), compiled 0 variants (0.00s CPU time), skipped 0 variants.
    Prepared data for serialisation in 0.00s
  Pass  (fp, d3d11) finished in 0.03 seconds. Local cache hits 40 (0.27s CPU time), remote cache hits 0 (0.00s CPU time), compiled 0 variants (0.00s CPU time), skipped 0 variants.
    Prepared data for serialisation in 0.00s
Serialized binary data for shader Hidden/Internal-UIRDefault in 0.00s
    d3d11 (total internal programs: 80, unique: 80)
Compiling shader "Hidden/Internal-UIRAtlasBlitCopy"
  Pass "" (vp)
    Target graphics API: d3d11
    Full variant space:         1
    After settings filtering:   1
    After built-in stripping:   1
    After scriptable stripping: 1
    Processed in 0.00 seconds
  Pass "" (fp)
    Target graphics API: d3d11
    Full variant space:         1
    After settings filtering:   1
    After built-in stripping:   1
    After scriptable stripping: 1
    Processed in 0.00 seconds
  Pass  (vp, d3d11) finished in 0.01 seconds. Local cache hits 1 (0.01s CPU time), remote cache hits 0 (0.00s CPU time), compiled 0 variants (0.00s CPU time), skipped 0 variants.
    Prepared data for serialisation in 0.00s
  Pass  (fp, d3d11) finished in 0.01 seconds. Local cache hits 1 (0.01s CPU time), remote cache hits 0 (0.00s CPU time), compiled 0 variants (0.00s CPU time), skipped 0 variants.
    Prepared data for serialisation in 0.00s
Serialized binary data for shader Hidden/Internal-UIRAtlasBlitCopy in 0.00s
    d3d11 (total internal programs: 2, unique: 2)
Compiling shader "Sprites/Default"
  Pass "" (vp)
    Target graphics API: d3d11
    Full variant space:         8
    After settings filtering:   8
    After built-in stripping:   4
    After scriptable stripping: 4
    Processed in 0.00 seconds
  Pass "" (fp)
    Target graphics API: d3d11
    Full variant space:         8
    After settings filtering:   8
    After built-in stripping:   4
    After scriptable stripping: 4
    Processed in 0.00 seconds
  Pass  (vp, d3d11) finished in 0.01 seconds. Local cache hits 4 (0.03s CPU time), remote cache hits 0 (0.00s CPU time), compiled 0 variants (0.00s CPU time), skipped 0 variants.
    Prepared data for serialisation in 0.00s
  Pass  (fp, d3d11) finished in 0.01 seconds. Local cache hits 4 (0.02s CPU time), remote cache hits 0 (0.00s CPU time), compiled 0 variants (0.00s CPU time), skipped 0 variants.
    Prepared data for serialisation in 0.00s
Serialized binary data for shader Sprites/Default in 0.00s
    d3d11 (total internal programs: 8, unique: 8)
Compiling shader "Sprites/Mask"
  Pass "" (vp)
    Target graphics API: d3d11
    Full variant space:         4
    After settings filtering:   4
    After built-in stripping:   4
    After scriptable stripping: 4
    Processed in 0.00 seconds
  Pass "" (fp)
    Target graphics API: d3d11
    Full variant space:         4
    After settings filtering:   4
    After built-in stripping:   4
    After scriptable stripping: 4
    Processed in 0.00 seconds
  Pass  (vp, d3d11) finished in 0.01 seconds. Local cache hits 4 (0.02s CPU time), remote cache hits 0 (0.00s CPU time), compiled 0 variants (0.00s CPU time), skipped 0 variants.
    Prepared data for serialisation in 0.00s
  Pass  (fp, d3d11) finished in 0.01 seconds. Local cache hits 4 (0.02s CPU time), remote cache hits 0 (0.00s CPU time), compiled 0 variants (0.00s CPU time), skipped 0 variants.
    Prepared data for serialisation in 0.00s
Serialized binary data for shader Sprites/Mask in 0.00s
    d3d11 (total internal programs: 8, unique: 8)
Compiling shader "UI/Default"
  Pass "Default" (vp)
    Target graphics API: d3d11
    Full variant space:         4
    After settings filtering:   4
    After built-in stripping:   4
    After scriptable stripping: 4
    Processed in 0.00 seconds
  Pass "Default" (fp)
    Target graphics API: d3d11
    Full variant space:         4
    After settings filtering:   4
    After built-in stripping:   4
    After scriptable stripping: 4
    Processed in 0.00 seconds
  Pass "XRMotionVectors" (vp)
    Target graphics API: d3d11
    Full variant space:         4
    After settings filtering:   4
    After built-in stripping:   4
    After scriptable stripping: 4
    Processed in 0.00 seconds
  Pass "XRMotionVectors" (fp)
    Target graphics API: d3d11
    Full variant space:         4
    After settings filtering:   4
    After built-in stripping:   4
    After scriptable stripping: 4
    Processed in 0.00 seconds
  Pass Default (vp, d3d11) finished in 0.01 seconds. Local cache hits 4 (0.03s CPU time), remote cache hits 0 (0.00s CPU time), compiled 0 variants (0.00s CPU time), skipped 0 variants.
    Prepared data for serialisation in 0.00s
  Pass Default (fp, d3d11) finished in 0.01 seconds. Local cache hits 4 (0.03s CPU time), remote cache hits 0 (0.00s CPU time), compiled 0 variants (0.00s CPU time), skipped 0 variants.
    Prepared data for serialisation in 0.00s
  Pass XRMotionVectors (vp, d3d11) finished in 0.01 seconds. Local cache hits 4 (0.03s CPU time), remote cache hits 0 (0.00s CPU time), compiled 0 variants (0.00s CPU time), skipped 0 variants.
    Prepared data for serialisation in 0.00s
  Pass XRMotionVectors (fp, d3d11) finished in 0.01 seconds. Local cache hits 4 (0.02s CPU time), remote cache hits 0 (0.00s CPU time), compiled 0 variants (0.00s CPU time), skipped 0 variants.
    Prepared data for serialisation in 0.00s
Serialized binary data for shader UI/Default in 0.00s
    d3d11 (total internal programs: 16, unique: 16)
Compiling shader "Hidden/VR/BlitTexArraySlice"
  Pass "" (vp)
    Target graphics API: d3d11
    Full variant space:         1
    After settings filtering:   1
    After built-in stripping:   1
    After scriptable stripping: 1
    Processed in 0.00 seconds
  Pass "" (fp)
    Target graphics API: d3d11
    Full variant space:         1
    After settings filtering:   1
    After built-in stripping:   1
    After scriptable stripping: 1
    Processed in 0.00 seconds
  Pass  (vp, d3d11) finished in 0.00 seconds. Local cache hits 1 (0.00s CPU time), remote cache hits 0 (0.00s CPU time), compiled 0 variants (0.00s CPU time), skipped 0 variants.
    Prepared data for serialisation in 0.00s
  Pass  (fp, d3d11) finished in 0.00 seconds. Local cache hits 1 (0.00s CPU time), remote cache hits 0 (0.00s CPU time), compiled 0 variants (0.00s CPU time), skipped 0 variants.
    Prepared data for serialisation in 0.00s
Serialized binary data for shader Hidden/VR/BlitTexArraySlice in 0.00s
    d3d11 (total internal programs: 2, unique: 2)
Compiling shader "Hidden/Internal-ODSWorldTexture"
  Pass "" (vp)
    Target graphics API: d3d11
    Full variant space:         1
    After settings filtering:   1
    After built-in stripping:   1
    After scriptable stripping: 1
    Processed in 0.00 seconds
  Pass "" (fp)
    Target graphics API: d3d11
    Full variant space:         1
    After settings filtering:   1
    After built-in stripping:   1
    After scriptable stripping: 1
    Processed in 0.00 seconds
  Pass "" (vp)
    Target graphics API: d3d11
    Full variant space:         1
    After settings filtering:   1
    After built-in stripping:   1
    After scriptable stripping: 1
    Processed in 0.00 seconds
  Pass "" (fp)
    Target graphics API: d3d11
    Full variant space:         1
    After settings filtering:   1
    After built-in stripping:   1
    After scriptable stripping: 1
    Processed in 0.00 seconds
  Pass "" (vp)
    Target graphics API: d3d11
    Full variant space:         1
    After settings filtering:   1
    After built-in stripping:   1
    After scriptable stripping: 1
    Processed in 0.00 seconds
  Pass "" (fp)
    Target graphics API: d3d11
    Full variant space:         1
    After settings filtering:   1
    After built-in stripping:   1
    After scriptable stripping: 1
    Processed in 0.00 seconds
  Pass "" (vp)
    Target graphics API: d3d11
    Full variant space:         1
    After settings filtering:   1
    After built-in stripping:   1
    After scriptable stripping: 1
    Processed in 0.00 seconds
  Pass "" (fp)
    Target graphics API: d3d11
    Full variant space:         1
    After settings filtering:   1
    After built-in stripping:   1
    After scriptable stripping: 1
    Processed in 0.00 seconds
  Pass "" (vp)
    Target graphics API: d3d11
    Full variant space:         1
    After settings filtering:   1
    After built-in stripping:   1
    After scriptable stripping: 1
    Processed in 0.00 seconds
  Pass "" (fp)
    Target graphics API: d3d11
    Full variant space:         1
    After settings filtering:   1
    After built-in stripping:   1
    After scriptable stripping: 1
    Processed in 0.00 seconds
  Pass "" (vp)
    Target graphics API: d3d11
    Full variant space:         1
    After settings filtering:   1
    After built-in stripping:   1
    After scriptable stripping: 1
    Processed in 0.00 seconds
  Pass "" (fp)
    Target graphics API: d3d11
    Full variant space:         1
    After settings filtering:   1
    After built-in stripping:   1
    After scriptable stripping: 1
    Processed in 0.00 seconds
  Pass "" (vp)
    Target graphics API: d3d11
    Full variant space:         1
    After settings filtering:   1
    After built-in stripping:   1
    After scriptable stripping: 1
    Processed in 0.00 seconds
  Pass "" (fp)
    Target graphics API: d3d11
    Full variant space:         1
    After settings filtering:   1
    After built-in stripping:   1
    After scriptable stripping: 1
    Processed in 0.00 seconds
  Pass "" (vp)
    Target graphics API: d3d11
    Full variant space:         1
    After settings filtering:   1
    After built-in stripping:   1
    After scriptable stripping: 1
    Processed in 0.00 seconds
  Pass "" (fp)
    Target graphics API: d3d11
    Full variant space:         1
    After settings filtering:   1
    After built-in stripping:   1
    After scriptable stripping: 1
    Processed in 0.00 seconds
  Pass "" (vp)
    Target graphics API: d3d11
    Full variant space:         1
    After settings filtering:   1
    After built-in stripping:   1
    After scriptable stripping: 1
    Processed in 0.00 seconds
  Pass "" (fp)
    Target graphics API: d3d11
    Full variant space:         1
    After settings filtering:   1
    After built-in stripping:   1
    After scriptable stripping: 1
    Processed in 0.00 seconds
  Pass "" (vp)
    Target graphics API: d3d11
    Full variant space:         1
    After settings filtering:   1
    After built-in stripping:   1
    After scriptable stripping: 1
    Processed in 0.00 seconds
  Pass "" (fp)
    Target graphics API: d3d11
    Full variant space:         1
    After settings filtering:   1
    After built-in stripping:   1
    After scriptable stripping: 1
    Processed in 0.00 seconds
  Pass  (vp, d3d11) finished in 0.01 seconds. Local cache hits 1 (0.01s CPU time), remote cache hits 0 (0.00s CPU time), compiled 0 variants (0.00s CPU time), skipped 0 variants.
    Prepared data for serialisation in 0.00s
  Pass  (fp, d3d11) finished in 0.01 seconds. Local cache hits 1 (0.01s CPU time), remote cache hits 0 (0.00s CPU time), compiled 0 variants (0.00s CPU time), skipped 0 variants.
    Prepared data for serialisation in 0.00s
  Pass  (vp, d3d11) finished in 0.01 seconds. Local cache hits 1 (0.01s CPU time), remote cache hits 0 (0.00s CPU time), compiled 0 variants (0.00s CPU time), skipped 0 variants.
    Prepared data for serialisation in 0.00s
  Pass  (fp, d3d11) finished in 0.01 seconds. Local cache hits 1 (0.01s CPU time), remote cache hits 0 (0.00s CPU time), compiled 0 variants (0.00s CPU time), skipped 0 variants.
    Prepared data for serialisation in 0.00s
  Pass  (vp, d3d11) finished in 0.01 seconds. Local cache hits 1 (0.01s CPU time), remote cache hits 0 (0.00s CPU time), compiled 0 variants (0.00s CPU time), skipped 0 variants.
    Prepared data for serialisation in 0.00s
  Pass  (fp, d3d11) finished in 0.01 seconds. Local cache hits 1 (0.01s CPU time), remote cache hits 0 (0.00s CPU time), compiled 0 variants (0.00s CPU time), skipped 0 variants.
    Prepared data for serialisation in 0.00s
  Pass  (vp, d3d11) finished in 0.01 seconds. Local cache hits 1 (0.01s CPU time), remote cache hits 0 (0.00s CPU time), compiled 0 variants (0.00s CPU time), skipped 0 variants.
    Prepared data for serialisation in 0.00s
  Pass  (fp, d3d11) finished in 0.01 seconds. Local cache hits 1 (0.01s CPU time), remote cache hits 0 (0.00s CPU time), compiled 0 variants (0.00s CPU time), skipped 0 variants.
    Prepared data for serialisation in 0.00s
  Pass  (vp, d3d11) finished in 0.01 seconds. Local cache hits 1 (0.01s CPU time), remote cache hits 0 (0.00s CPU time), compiled 0 variants (0.00s CPU time), skipped 0 variants.
    Prepared data for serialisation in 0.00s
  Pass  (fp, d3d11) finished in 0.01 seconds. Local cache hits 1 (0.01s CPU time), remote cache hits 0 (0.00s CPU time), compiled 0 variants (0.00s CPU time), skipped 0 variants.
    Prepared data for serialisation in 0.00s
  Pass  (vp, d3d11) finished in 0.01 seconds. Local cache hits 1 (0.01s CPU time), remote cache hits 0 (0.00s CPU time), compiled 0 variants (0.00s CPU time), skipped 0 variants.
    Prepared data for serialisation in 0.00s
  Pass  (fp, d3d11) finished in 0.01 seconds. Local cache hits 1 (0.01s CPU time), remote cache hits 0 (0.00s CPU time), compiled 0 variants (0.00s CPU time), skipped 0 variants.
    Prepared data for serialisation in 0.00s
  Pass  (vp, d3d11) finished in 0.01 seconds. Local cache hits 1 (0.01s CPU time), remote cache hits 0 (0.00s CPU time), compiled 0 variants (0.00s CPU time), skipped 0 variants.
    Prepared data for serialisation in 0.00s
  Pass  (fp, d3d11) finished in 0.01 seconds. Local cache hits 1 (0.01s CPU time), remote cache hits 0 (0.00s CPU time), compiled 0 variants (0.00s CPU time), skipped 0 variants.
    Prepared data for serialisation in 0.00s
  Pass  (vp, d3d11) finished in 0.01 seconds. Local cache hits 1 (0.01s CPU time), remote cache hits 0 (0.00s CPU time), compiled 0 variants (0.00s CPU time), skipped 0 variants.
    Prepared data for serialisation in 0.00s
  Pass  (fp, d3d11) finished in 0.01 seconds. Local cache hits 1 (0.01s CPU time), remote cache hits 0 (0.00s CPU time), compiled 0 variants (0.00s CPU time), skipped 0 variants.
    Prepared data for serialisation in 0.00s
  Pass  (vp, d3d11) finished in 0.01 seconds. Local cache hits 1 (0.01s CPU time), remote cache hits 0 (0.00s CPU time), compiled 0 variants (0.00s CPU time), skipped 0 variants.
    Prepared data for serialisation in 0.00s
  Pass  (fp, d3d11) finished in 0.01 seconds. Local cache hits 1 (0.01s CPU time), remote cache hits 0 (0.00s CPU time), compiled 0 variants (0.00s CPU time), skipped 0 variants.
    Prepared data for serialisation in 0.00s
  Pass  (vp, d3d11) finished in 0.01 seconds. Local cache hits 1 (0.01s CPU time), remote cache hits 0 (0.00s CPU time), compiled 0 variants (0.00s CPU time), skipped 0 variants.
    Prepared data for serialisation in 0.00s
  Pass  (fp, d3d11) finished in 0.01 seconds. Local cache hits 1 (0.00s CPU time), remote cache hits 0 (0.00s CPU time), compiled 0 variants (0.00s CPU time), skipped 0 variants.
    Prepared data for serialisation in 0.00s
Serialized binary data for shader Hidden/Internal-ODSWorldTexture in 0.00s
    d3d11 (total internal programs: 20, unique: 15)
Compiling shader "Hidden/Internal-CubemapToEquirect"
  Pass "" (vp)
    Target graphics API: d3d11
    Full variant space:         1
    After settings filtering:   1
    After built-in stripping:   1
    After scriptable stripping: 1
    Processed in 0.00 seconds
  Pass "" (fp)
    Target graphics API: d3d11
    Full variant space:         1
    After settings filtering:   1
    After built-in stripping:   1
    After scriptable stripping: 1
    Processed in 0.00 seconds
  Pass  (vp, d3d11) finished in 0.00 seconds. Local cache hits 1 (0.00s CPU time), remote cache hits 0 (0.00s CPU time), compiled 0 variants (0.00s CPU time), skipped 0 variants.
    Prepared data for serialisation in 0.00s
  Pass  (fp, d3d11) finished in 0.00 seconds. Local cache hits 1 (0.00s CPU time), remote cache hits 0 (0.00s CPU time), compiled 0 variants (0.00s CPU time), skipped 0 variants.
    Prepared data for serialisation in 0.00s
Serialized binary data for shader Hidden/Internal-CubemapToEquirect in 0.00s
    d3d11 (total internal programs: 2, unique: 2)
Compiling shader "Hidden/VR/BlitFromTex2DToTexArraySlice"
  Pass "" (vp)
    Target graphics API: d3d11
    Full variant space:         1
    After settings filtering:   1
    After built-in stripping:   1
    After scriptable stripping: 1
    Processed in 0.00 seconds
  Pass "" (fp)
    Target graphics API: d3d11
    Full variant space:         1
    After settings filtering:   1
    After built-in stripping:   1
    After scriptable stripping: 1
    Processed in 0.00 seconds
  Pass "" (vp)
    Target graphics API: d3d11
    Full variant space:         1
    After settings filtering:   1
    After built-in stripping:   1
    After scriptable stripping: 1
    Processed in 0.00 seconds
  Pass "" (fp)
    Target graphics API: d3d11
    Full variant space:         1
    After settings filtering:   1
    After built-in stripping:   1
    After scriptable stripping: 1
    Processed in 0.00 seconds
  Pass "" (gp)
    Target graphics API: d3d11
    Full variant space:         1
    After settings filtering:   1
    After built-in stripping:   1
    After scriptable stripping: 1
    Processed in 0.00 seconds
  Pass  (vp, d3d11) finished in 0.00 seconds. Local cache hits 1 (0.00s CPU time), remote cache hits 0 (0.00s CPU time), compiled 0 variants (0.00s CPU time), skipped 0 variants.
    Prepared data for serialisation in 0.00s
  Pass  (fp, d3d11) finished in 0.00 seconds. Local cache hits 1 (0.00s CPU time), remote cache hits 0 (0.00s CPU time), compiled 0 variants (0.00s CPU time), skipped 0 variants.
    Prepared data for serialisation in 0.00s
  Pass  (vp, d3d11) finished in 0.00 seconds. Local cache hits 1 (0.00s CPU time), remote cache hits 0 (0.00s CPU time), compiled 0 variants (0.00s CPU time), skipped 0 variants.
    Prepared data for serialisation in 0.00s
  Pass  (fp, d3d11) finished in 0.00 seconds. Local cache hits 1 (0.00s CPU time), remote cache hits 0 (0.00s CPU time), compiled 0 variants (0.00s CPU time), skipped 0 variants.
    Prepared data for serialisation in 0.00s
  Pass  (gp, d3d11) finished in 0.00 seconds. Local cache hits 1 (0.00s CPU time), remote cache hits 0 (0.00s CPU time), compiled 0 variants (0.00s CPU time), skipped 0 variants.
    Prepared data for serialisation in 0.00s
Serialized binary data for shader Hidden/VR/BlitFromTex2DToTexArraySlice in 0.00s
    d3d11 (total internal programs: 5, unique: 5)
Compiling shader "Hidden/VideoComposite"
  Pass "Default" (vp)
    Target graphics API: d3d11
    Full variant space:         1
    After settings filtering:   1
    After built-in stripping:   1
    After scriptable stripping: 1
    Processed in 0.00 seconds
  Pass "Default" (fp)
    Target graphics API: d3d11
    Full variant space:         1
    After settings filtering:   1
    After built-in stripping:   1
    After scriptable stripping: 1
    Processed in 0.00 seconds
  Pass Default (vp, d3d11) finished in 0.01 seconds. Local cache hits 1 (0.01s CPU time), remote cache hits 0 (0.00s CPU time), compiled 0 variants (0.00s CPU time), skipped 0 variants.
    Prepared data for serialisation in 0.00s
  Pass Default (fp, d3d11) finished in 0.01 seconds. Local cache hits 1 (0.00s CPU time), remote cache hits 0 (0.00s CPU time), compiled 0 variants (0.00s CPU time), skipped 0 variants.
    Prepared data for serialisation in 0.00s
Serialized binary data for shader Hidden/VideoComposite in 0.00s
    d3d11 (total internal programs: 2, unique: 2)
Compiling shader "Hidden/VideoDecode"
  Pass "YCbCr_To_RGB1" (vp)
    Target graphics API: d3d11
    Full variant space:         2
    After settings filtering:   2
    After built-in stripping:   2
    After scriptable stripping: 2
    Processed in 0.00 seconds
  Pass "YCbCr_To_RGB1" (fp)
    Target graphics API: d3d11
    Full variant space:         2
    After settings filtering:   2
    After built-in stripping:   2
    After scriptable stripping: 2
    Processed in 0.00 seconds
  Pass "YCbCrA_To_RGBAFull" (vp)
    Target graphics API: d3d11
    Full variant space:         2
    After settings filtering:   2
    After built-in stripping:   2
    After scriptable stripping: 2
    Processed in 0.00 seconds
  Pass "YCbCrA_To_RGBAFull" (fp)
    Target graphics API: d3d11
    Full variant space:         2
    After settings filtering:   2
    After built-in stripping:   2
    After scriptable stripping: 2
    Processed in 0.00 seconds
  Pass "YCbCrA_To_RGBA" (vp)
    Target graphics API: d3d11
    Full variant space:         2
    After settings filtering:   2
    After built-in stripping:   2
    After scriptable stripping: 2
    Processed in 0.00 seconds
  Pass "YCbCrA_To_RGBA" (fp)
    Target graphics API: d3d11
    Full variant space:         2
    After settings filtering:   2
    After built-in stripping:   2
    After scriptable stripping: 2
    Processed in 0.00 seconds
  Pass "Flip_RGBA_To_RGBA" (vp)
    Target graphics API: d3d11
    Full variant space:         2
    After settings filtering:   2
    After built-in stripping:   2
    After scriptable stripping: 2
    Processed in 0.00 seconds
  Pass "Flip_RGBA_To_RGBA" (fp)
    Target graphics API: d3d11
    Full variant space:         2
    After settings filtering:   2
    After built-in stripping:   2
    After scriptable stripping: 2
    Processed in 0.00 seconds
  Pass "Flip_RGBASplit_To_RGBA" (vp)
    Target graphics API: d3d11
    Full variant space:         2
    After settings filtering:   2
    After built-in stripping:   2
    After scriptable stripping: 2
    Processed in 0.00 seconds
  Pass "Flip_RGBASplit_To_RGBA" (fp)
    Target graphics API: d3d11
    Full variant space:         2
    After settings filtering:   2
    After built-in stripping:   2
    After scriptable stripping: 2
    Processed in 0.00 seconds
  Pass "Flip_NV12_To_RGB1" (vp)
    Target graphics API: d3d11
    Full variant space:         2
    After settings filtering:   2
    After built-in stripping:   2
    After scriptable stripping: 2
    Processed in 0.00 seconds
  Pass "Flip_NV12_To_RGB1" (fp)
    Target graphics API: d3d11
    Full variant space:         2
    After settings filtering:   2
    After built-in stripping:   2
    After scriptable stripping: 2
    Processed in 0.00 seconds
  Pass "Flip_NV12_To_RGBA" (vp)
    Target graphics API: d3d11
    Full variant space:         2
    After settings filtering:   2
    After built-in stripping:   2
    After scriptable stripping: 2
    Processed in 0.00 seconds
  Pass "Flip_NV12_To_RGBA" (fp)
    Target graphics API: d3d11
    Full variant space:         2
    After settings filtering:   2
    After built-in stripping:   2
    After scriptable stripping: 2
    Processed in 0.00 seconds
  Pass "Flip_P010_To_RGB1" (vp)
    Target graphics API: d3d11
    Full variant space:         1
    After settings filtering:   1
    After built-in stripping:   1
    After scriptable stripping: 1
    Processed in 0.00 seconds
  Pass "Flip_P010_To_RGB1" (fp)
    Target graphics API: d3d11
    Full variant space:         1
    After settings filtering:   1
    After built-in stripping:   1
    After scriptable stripping: 1
    Processed in 0.00 seconds
  Pass YCbCr_To_RGB1 (vp, d3d11) finished in 0.01 seconds. Local cache hits 2 (0.01s CPU time), remote cache hits 0 (0.00s CPU time), compiled 0 variants (0.00s CPU time), skipped 0 variants.
    Prepared data for serialisation in 0.00s
  Pass YCbCr_To_RGB1 (fp, d3d11) finished in 0.01 seconds. Local cache hits 2 (0.01s CPU time), remote cache hits 0 (0.00s CPU time), compiled 0 variants (0.00s CPU time), skipped 0 variants.
    Prepared data for serialisation in 0.00s
  Pass YCbCrA_To_RGBAFull (vp, d3d11) finished in 0.01 seconds. Local cache hits 2 (0.01s CPU time), remote cache hits 0 (0.00s CPU time), compiled 0 variants (0.00s CPU time), skipped 0 variants.
    Prepared data for serialisation in 0.00s
  Pass YCbCrA_To_RGBAFull (fp, d3d11) finished in 0.01 seconds. Local cache hits 2 (0.01s CPU time), remote cache hits 0 (0.00s CPU time), compiled 0 variants (0.00s CPU time), skipped 0 variants.
    Prepared data for serialisation in 0.00s
  Pass YCbCrA_To_RGBA (vp, d3d11) finished in 0.01 seconds. Local cache hits 2 (0.01s CPU time), remote cache hits 0 (0.00s CPU time), compiled 0 variants (0.00s CPU time), skipped 0 variants.
    Prepared data for serialisation in 0.00s
  Pass YCbCrA_To_RGBA (fp, d3d11) finished in 0.01 seconds. Local cache hits 2 (0.01s CPU time), remote cache hits 0 (0.00s CPU time), compiled 0 variants (0.00s CPU time), skipped 0 variants.
    Prepared data for serialisation in 0.00s
  Pass Flip_RGBA_To_RGBA (vp, d3d11) finished in 0.01 seconds. Local cache hits 2 (0.02s CPU time), remote cache hits 0 (0.00s CPU time), compiled 0 variants (0.00s CPU time), skipped 0 variants.
    Prepared data for serialisation in 0.00s
  Pass Flip_RGBA_To_RGBA (fp, d3d11) finished in 0.01 seconds. Local cache hits 2 (0.01s CPU time), remote cache hits 0 (0.00s CPU time), compiled 0 variants (0.00s CPU time), skipped 0 variants.
    Prepared data for serialisation in 0.00s
  Pass Flip_RGBASplit_To_RGBA (vp, d3d11) finished in 0.01 seconds. Local cache hits 2 (0.01s CPU time), remote cache hits 0 (0.00s CPU time), compiled 0 variants (0.00s CPU time), skipped 0 variants.
    Prepared data for serialisation in 0.00s
  Pass Flip_RGBASplit_To_RGBA (fp, d3d11) finished in 0.01 seconds. Local cache hits 2 (0.01s CPU time), remote cache hits 0 (0.00s CPU time), compiled 0 variants (0.00s CPU time), skipped 0 variants.
    Prepared data for serialisation in 0.00s
  Pass Flip_NV12_To_RGB1 (vp, d3d11) finished in 0.01 seconds. Local cache hits 2 (0.01s CPU time), remote cache hits 0 (0.00s CPU time), compiled 0 variants (0.00s CPU time), skipped 0 variants.
    Prepared data for serialisation in 0.00s
  Pass Flip_NV12_To_RGB1 (fp, d3d11) finished in 0.01 seconds. Local cache hits 2 (0.01s CPU time), remote cache hits 0 (0.00s CPU time), compiled 0 variants (0.00s CPU time), skipped 0 variants.
    Prepared data for serialisation in 0.00s
  Pass Flip_NV12_To_RGBA (vp, d3d11) finished in 0.01 seconds. Local cache hits 2 (0.00s CPU time), remote cache hits 0 (0.00s CPU time), compiled 0 variants (0.00s CPU time), skipped 0 variants.
    Prepared data for serialisation in 0.00s
  Pass Flip_NV12_To_RGBA (fp, d3d11) finished in 0.01 seconds. Local cache hits 2 (0.01s CPU time), remote cache hits 0 (0.00s CPU time), compiled 0 variants (0.00s CPU time), skipped 0 variants.
    Prepared data for serialisation in 0.00s
  Pass Flip_P010_To_RGB1 (vp, d3d11) finished in 0.01 seconds. Local cache hits 1 (0.00s CPU time), remote cache hits 0 (0.00s CPU time), compiled 0 variants (0.00s CPU time), skipped 0 variants.
    Prepared data for serialisation in 0.00s
  Pass Flip_P010_To_RGB1 (fp, d3d11) finished in 0.01 seconds. Local cache hits 1 (0.01s CPU time), remote cache hits 0 (0.00s CPU time), compiled 0 variants (0.00s CPU time), skipped 0 variants.
    Prepared data for serialisation in 0.00s
Serialized binary data for shader Hidden/VideoDecode in 0.00s
    d3d11 (total internal programs: 30, unique: 19)
Compiling shader "Hidden/TextCore/Distance Field SSD"
  Pass "" (vp)
    Target graphics API: d3d11
    Full variant space:         1
    After settings filtering:   1
    After built-in stripping:   1
    After scriptable stripping: 1
    Processed in 0.00 seconds
  Pass "" (fp)
    Target graphics API: d3d11
    Full variant space:         1
    After settings filtering:   1
    After built-in stripping:   1
    After scriptable stripping: 1
    Processed in 0.00 seconds
  Pass  (vp, d3d11) finished in 0.00 seconds. Local cache hits 1 (0.00s CPU time), remote cache hits 0 (0.00s CPU time), compiled 0 variants (0.00s CPU time), skipped 0 variants.
    Prepared data for serialisation in 0.00s
  Pass  (fp, d3d11) finished in 0.00 seconds. Local cache hits 1 (0.00s CPU time), remote cache hits 0 (0.00s CPU time), compiled 0 variants (0.00s CPU time), skipped 0 variants.
    Prepared data for serialisation in 0.00s
Serialized binary data for shader Hidden/TextCore/Distance Field SSD in 0.00s
    d3d11 (total internal programs: 2, unique: 2)
Compiling shader "Hidden/Physics2D/SDF_CircleGeometry"
  Pass "" (vp)
    Target graphics API: d3d11
    Full variant space:         2
    After settings filtering:   2
    After built-in stripping:   1
    After scriptable stripping: 1
    Processed in 0.00 seconds
  Pass "" (fp)
    Target graphics API: d3d11
    Full variant space:         2
    After settings filtering:   2
    After built-in stripping:   1
    After scriptable stripping: 1
    Processed in 0.00 seconds
  Pass  (vp, d3d11) finished in 0.01 seconds. Local cache hits 1 (0.01s CPU time), remote cache hits 0 (0.00s CPU time), compiled 0 variants (0.00s CPU time), skipped 0 variants.
    Prepared data for serialisation in 0.00s
  Pass  (fp, d3d11) finished in 0.01 seconds. Local cache hits 1 (0.00s CPU time), remote cache hits 0 (0.00s CPU time), compiled 0 variants (0.00s CPU time), skipped 0 variants.
    Prepared data for serialisation in 0.00s
Serialized binary data for shader Hidden/Physics2D/SDF_CircleGeometry in 0.00s
    d3d11 (total internal programs: 2, unique: 2)
Compiling shader "Hidden/Physics2D/SDF_CapsuleGeometry"
  Pass "" (vp)
    Target graphics API: d3d11
    Full variant space:         2
    After settings filtering:   2
    After built-in stripping:   1
    After scriptable stripping: 1
    Processed in 0.00 seconds
  Pass "" (fp)
    Target graphics API: d3d11
    Full variant space:         2
    After settings filtering:   2
    After built-in stripping:   1
    After scriptable stripping: 1
    Processed in 0.00 seconds
  Pass  (vp, d3d11) finished in 0.00 seconds. Local cache hits 1 (0.00s CPU time), remote cache hits 0 (0.00s CPU time), compiled 0 variants (0.00s CPU time), skipped 0 variants.
    Prepared data for serialisation in 0.00s
  Pass  (fp, d3d11) finished in 0.00 seconds. Local cache hits 1 (0.00s CPU time), remote cache hits 0 (0.00s CPU time), compiled 0 variants (0.00s CPU time), skipped 0 variants.
    Prepared data for serialisation in 0.00s
Serialized binary data for shader Hidden/Physics2D/SDF_CapsuleGeometry in 0.00s
    d3d11 (total internal programs: 2, unique: 2)
Compiling shader "Hidden/Physics2D/SDF_PolygonGeometry"
  Pass "" (vp)
    Target graphics API: d3d11
    Full variant space:         2
    After settings filtering:   2
    After built-in stripping:   1
    After scriptable stripping: 1
    Processed in 0.00 seconds
  Pass "" (fp)
    Target graphics API: d3d11
    Full variant space:         2
    After settings filtering:   2
    After built-in stripping:   1
    After scriptable stripping: 1
    Processed in 0.00 seconds
  Pass  (vp, d3d11) finished in 0.00 seconds. Local cache hits 1 (0.00s CPU time), remote cache hits 0 (0.00s CPU time), compiled 0 variants (0.00s CPU time), skipped 0 variants.
    Prepared data for serialisation in 0.00s
  Pass  (fp, d3d11) finished in 0.00 seconds. Local cache hits 1 (0.00s CPU time), remote cache hits 0 (0.00s CPU time), compiled 0 variants (0.00s CPU time), skipped 0 variants.
    Prepared data for serialisation in 0.00s
Serialized binary data for shader Hidden/Physics2D/SDF_PolygonGeometry in 0.00s
    d3d11 (total internal programs: 2, unique: 2)
Compiling shader "Hidden/Physics2D/SDF_Line"
  Pass "" (vp)
    Target graphics API: d3d11
    Full variant space:         2
    After settings filtering:   2
    After built-in stripping:   1
    After scriptable stripping: 1
    Processed in 0.00 seconds
  Pass "" (fp)
    Target graphics API: d3d11
    Full variant space:         2
    After settings filtering:   2
    After built-in stripping:   1
    After scriptable stripping: 1
    Processed in 0.00 seconds
  Pass  (vp, d3d11) finished in 0.00 seconds. Local cache hits 1 (0.00s CPU time), remote cache hits 0 (0.00s CPU time), compiled 0 variants (0.00s CPU time), skipped 0 variants.
    Prepared data for serialisation in 0.00s
  Pass  (fp, d3d11) finished in 0.00 seconds. Local cache hits 1 (0.00s CPU time), remote cache hits 0 (0.00s CPU time), compiled 0 variants (0.00s CPU time), skipped 0 variants.
    Prepared data for serialisation in 0.00s
Serialized binary data for shader Hidden/Physics2D/SDF_Line in 0.00s
    d3d11 (total internal programs: 2, unique: 2)
Compiling shader "Hidden/Physics2D/SDF_Point"
  Pass "" (vp)
    Target graphics API: d3d11
    Full variant space:         2
    After settings filtering:   2
    After built-in stripping:   1
    After scriptable stripping: 1
    Processed in 0.00 seconds
  Pass "" (fp)
    Target graphics API: d3d11
    Full variant space:         2
    After settings filtering:   2
    After built-in stripping:   1
    After scriptable stripping: 1
    Processed in 0.00 seconds
  Pass  (vp, d3d11) finished in 0.00 seconds. Local cache hits 1 (0.00s CPU time), remote cache hits 0 (0.00s CPU time), compiled 0 variants (0.00s CPU time), skipped 0 variants.
    Prepared data for serialisation in 0.00s
  Pass  (fp, d3d11) finished in 0.00 seconds. Local cache hits 1 (0.00s CPU time), remote cache hits 0 (0.00s CPU time), compiled 0 variants (0.00s CPU time), skipped 0 variants.
    Prepared data for serialisation in 0.00s
Serialized binary data for shader Hidden/Physics2D/SDF_Point in 0.00s
    d3d11 (total internal programs: 2, unique: 2)
SpriteAtlasDatabase::Cleanup
Starting: C:\Program Files\Unity\Hub\Editor\6000.5.8f1\Editor\Data\Tools\BuildPipeline\bee_backend.exe --ipc --dagfile="Library/Bee/Playere6426412.dag" --profile="Library/Bee/backend1.traceevents" Player
WorkingDir: E:/Document/Game/pvz2_fusion
DisplayProgressbar: Incremental Player Build
E:/Document/Game/pvz2_fusion/Library/PackageCache/com.unity.burst@2f3d916873ea/.Runtime\bcl.exe exited after 3326 ms.
stdout:
Starting 1 library requests
Done
stderr:

Starting: C:\Program Files\Unity\Hub\Editor\6000.5.8f1\Editor\Data\netcorerun\netcorerun.exe "C:\Program Files\Unity\Hub\Editor\6000.5.8f1\Editor\Data\PlaybackEngines\WindowsStandaloneSupport\WinPlayerBuildProgram.exe" "C:/Program Files/Unity/Hub/Editor/6000.5.8f1/Editor/Data/PlaybackEngines/WindowsStandaloneSupport/Bee;C:/Program Files/Unity/Hub/Editor/6000.5.8f1/Editor/Data/Tools/BuildPipeline" "Library/Bee/Playere6426412.dag.json" "Library/Bee/Playere6426412-inputdata.json" "Library\Bee\buildprogram0.traceevents"
WorkingDir: E:/Document/Game/pvz2_fusion
ExitCode: 4 Duration: 6s801ms
ExitCode: 0 Duration: 0s549ms
Starting: C:\Program Files\Unity\Hub\Editor\6000.5.8f1\Editor\Data\Tools\BuildPipeline\bee_backend.exe --ipc --dagfile="Library/Bee/Playere6426412.dag" --dagfilejson="Library\Bee\Playere6426412.dag.json" --profile="Library/Bee/backend2.traceevents" Player
WorkingDir: E:/Document/Game/pvz2_fusion
ExitCode: 0 Duration: 0s163ms
Refreshing native plugins compatible for Editor in 3.02 ms, found 4 plugins.
Refreshing native plugins compatible for Editor in 2.93 ms, found 4 plugins.
Asset Pipeline Refresh (id=ea2568c1d385d5b4c8d018e3f9f7e43c): Total: 0.106 seconds - Initiated by RefreshV2(NoUpdateAssetOptions)
Refreshing native plugins compatible for Editor in 3.44 ms, found 4 plugins.

-------------------------------------------------------------------------------
Build Report
Uncompressed usage by category (Percentages based on user generated assets only):
Textures               311.9 mb	 88.5% 
Meshes                 0.0 kb	 0.0% 
Animations             380.1 kb	 0.1% 
Sounds                 19.7 mb	 5.6% 
Shaders                45.9 kb	 0.0% 
Other Assets           20.1 mb	 5.7% 
Levels                 27.2 kb	 0.0% 
File headers           221.2 kb	 0.1% 
Total User Assets      352.5 mb	 100.0% 
Complete build size    441.4 mb
Used Assets and files from the Resources folder, sorted by uncompressed size:
 8.9 mb	 2.0% Assets/Resources/Fonts/方正书宋GBK.ttf
 6.0 mb	 1.4% Assets/Resources/Sprites/Plants/FireWallNut/FireWallNutV2.png
 6.0 mb	 1.4% Assets/Resources/Sprites/Plants/FireWallNut/FireWallNut.png
 5.5 mb	 1.2% Assets/Resources/Sprites/UI/Menu/ZombieIntroduce.png
 5.5 mb	 1.2% Assets/Resources/Sounds/Background/Music_Ice.ogg
 5.4 mb	 1.2% Assets/Resources/Sprites/Plants/SnowKing/SnowKing.psb
 5.3 mb	 1.2% Assets/Resources/Sprites/Plants/SunNut/SunNutStates.png
 5.3 mb	 1.2% Assets/Resources/Sprites/UI/Menu/PlantIntroduce.png
 4.5 mb	 1.0% Assets/Resources/Sprites/Zombies/ArmoredGargantuar/ArmoredGargantuarSpritesheet.png
 4.5 mb	 1.0% Assets/Resources/Sprites/UI/MainMenu/main_menu_vi.png
 4.5 mb	 1.0% Assets/Resources/Sprites/UI/MainMenu/skip_next.png
 4.4 mb	 1.0% Assets/Resources/Fonts/百变马丁.ttf
 4.0 mb	 0.9% Assets/Resources/Sounds/Background/Music_Night_Bone.ogg
 3.2 mb	 0.7% Assets/Resources/Fonts/造字工房甜栗体(非商用).ttf
 3.0 mb	 0.7% Assets/Resources/Sounds/Background/Music_Day.ogg
 3.0 mb	 0.7% Assets/Resources/Sprites/Plants/FireWallNut/FireWallNutCritical.png
 3.0 mb	 0.7% Assets/Resources/Sprites/Plants/FireWallNut/FireWallNutDamaged.png
 2.7 mb	 0.6% Assets/Resources/Sprites/Plants/MiaoMiao/miaomiao.psb
 2.7 mb	 0.6% Built-in Texture2D: Splash Screen Unity Logo
 2.7 mb	 0.6% Assets/Resources/Sounds/Background/Music_Night.ogg
 2.1 mb	 0.5% Assets/Resources/Sprites/UI/Effect/Effect_Amazed/Effect_Amazed_0003.png
 2.1 mb	 0.5% Assets/Resources/Sprites/UI/Effect/Effect_Amazed/Effect_Amazed_0007.png
 2.1 mb	 0.5% Assets/Resources/Sprites/UI/Effect/Effect_Amazed/Effect_Amazed_0004.png
 2.1 mb	 0.5% Assets/Resources/Sprites/UI/Effect/Effect_Amazed/Effect_Amazed_0008.png
 2.1 mb	 0.5% Assets/Resources/Sprites/UI/Effect/Effect_Amazed/Effect_Amazed_0006.png
 2.1 mb	 0.5% Assets/Resources/Sprites/UI/Effect/Effect_Amazed/Effect_Amazed_0009.png
 2.1 mb	 0.5% Assets/Resources/Sprites/UI/Effect/Effect_Amazed/Effect_Amazed_0005.png
 2.1 mb	 0.5% Assets/Resources/Sprites/UI/Effect/Effect_Amazed/Effect_Amazed_0010.png
 2.1 mb	 0.5% Assets/Resources/Sprites/UI/Effect/Effect_Amazed/Effect_Amazed_0002.png
 2.1 mb	 0.5% Assets/Resources/Sprites/UI/Effect/Effect_Amazed/Effect_Amazed_0001.png
 1.9 mb	 0.4% Assets/Resources/Sounds/Background/Music_Night_Wall.ogg
 1.5 mb	 0.3% Assets/Resources/Sprites/UI/Intro/pvz_fusion_logo.png
 1.4 mb	 0.3% Assets/Resources/Sprites/CrazyDave/Crazy/CrazyDave_Crazy0015.png
 1.4 mb	 0.3% Assets/Resources/Sprites/CrazyDave/Crazy/CrazyDave_Crazy0021.png
 1.4 mb	 0.3% Assets/Resources/Sprites/CrazyDave/Crazy/CrazyDave_Crazy0031.png
 1.4 mb	 0.3% Assets/Resources/Sprites/CrazyDave/Crazy/CrazyDave_Crazy0027.png
 1.4 mb	 0.3% Assets/Resources/Sprites/CrazyDave/Crazy/CrazyDave_Crazy0023.png
 1.4 mb	 0.3% Assets/Resources/Sprites/CrazyDave/Crazy/CrazyDave_Crazy0029.png
 1.4 mb	 0.3% Assets/Resources/Sprites/CrazyDave/Crazy/CrazyDave_Crazy0025.png
 1.4 mb	 0.3% Assets/Resources/Sprites/CrazyDave/Crazy/CrazyDave_Crazy0030.png
 1.4 mb	 0.3% Assets/Resources/Sprites/CrazyDave/Crazy/CrazyDave_Crazy0026.png
 1.4 mb	 0.3% Assets/Resources/Sprites/CrazyDave/Crazy/CrazyDave_Crazy0022.png
 1.4 mb	 0.3% Assets/Resources/Sprites/CrazyDave/Crazy/CrazyDave_Crazy0020.png
 1.4 mb	 0.3% Assets/Resources/Sprites/CrazyDave/Crazy/CrazyDave_Crazy0032.png
 1.4 mb	 0.3% Assets/Resources/Sprites/CrazyDave/Crazy/CrazyDave_Crazy0017.png
 1.4 mb	 0.3% Assets/Resources/Sprites/CrazyDave/Crazy/CrazyDave_Crazy0019.png
 1.4 mb	 0.3% Assets/Resources/Sprites/CrazyDave/Crazy/CrazyDave_Crazy0028.png
 1.4 mb	 0.3% Assets/Resources/Sprites/CrazyDave/Crazy/CrazyDave_Crazy0024.png
 1.4 mb	 0.3% Assets/Resources/Sprites/CrazyDave/Crazy/CrazyDave_Crazy0016.png
 1.4 mb	 0.3% Assets/Resources/Sprites/CrazyDave/Crazy/CrazyDave_Crazy0014.png
 1.4 mb	 0.3% Assets/Resources/Sprites/CrazyDave/Enter/CrazyDave_Enter0014.png
 1.4 mb	 0.3% Assets/Resources/Sprites/CrazyDave/Crazy/CrazyDave_Crazy0011.png
 1.4 mb	 0.3% Assets/Resources/Sprites/CrazyDave/Enter/CrazyDave_Enter0013.png
 1.4 mb	 0.3% Assets/Resources/Sprites/CrazyDave/Crazy/CrazyDave_Crazy0018.png
 1.4 mb	 0.3% Assets/Resources/Sprites/CrazyDave/Crazy/CrazyDave_Crazy0010.png
 1.4 mb	 0.3% Assets/Resources/Sprites/CrazyDave/Crazy/CrazyDave_Crazy0033.png
 1.4 mb	 0.3% Assets/Resources/Sprites/CrazyDave/Crazy/CrazyDave_Crazy0008.png
 1.4 mb	 0.3% Assets/Resources/Sprites/CrazyDave/Crazy/CrazyDave_Crazy0012.png
 1.4 mb	 0.3% Assets/Resources/Sprites/CrazyDave/Crazy/CrazyDave_Crazy0013.png
 1.4 mb	 0.3% Assets/Resources/Sprites/CrazyDave/Crazy/CrazyDave_Crazy0009.png
 1.4 mb	 0.3% Assets/Resources/Sprites/CrazyDave/Crazy/CrazyDave_Crazy0034.png
 1.4 mb	 0.3% Assets/Resources/Sprites/CrazyDave/Crazy/CrazyDave_Crazy0005.png
 1.4 mb	 0.3% Assets/Resources/Sprites/CrazyDave/Crazy/CrazyDave_Crazy0007.png
 1.4 mb	 0.3% Assets/Resources/Sprites/CrazyDave/Enter/CrazyDave_Enter0015.png
 1.4 mb	 0.3% Assets/Resources/Sprites/CrazyDave/Crazy/CrazyDave_Crazy0006.png
 1.4 mb	 0.3% Assets/Resources/Sprites/CrazyDave/Enter/CrazyDave_Enter0016.png
 1.4 mb	 0.3% Assets/Resources/Sprites/CrazyDave/Crazy/CrazyDave_Crazy0035.png
 1.4 mb	 0.3% Assets/Resources/Sprites/CrazyDave/Idle/CrazyDave_Idle0008.png
 1.4 mb	 0.3% Assets/Resources/Sprites/CrazyDave/Idle/CrazyDave_Idle0010.png
 1.4 mb	 0.3% Assets/Resources/Sprites/CrazyDave/Idle/CrazyDave_Idle0009.png
 1.4 mb	 0.3% Assets/Resources/Sprites/CrazyDave/Talk/CrazyDave_Talk0013.png
 1.4 mb	 0.3% Assets/Resources/Sprites/CrazyDave/Idle/CrazyDave_Idle0004.png
 1.4 mb	 0.3% Assets/Resources/Sprites/CrazyDave/Talk/CrazyDave_Talk0007.png
 1.4 mb	 0.3% Assets/Resources/Sprites/CrazyDave/Talk/CrazyDave_Talk0008.png
 1.4 mb	 0.3% Assets/Resources/Sprites/CrazyDave/Idle/CrazyDave_Idle0019.png
 1.4 mb	 0.3% Assets/Resources/Sprites/CrazyDave/Talk/CrazyDave_Talk0012.png
 1.4 mb	 0.3% Assets/Resources/Sprites/CrazyDave/Talk/CrazyDave_Talk0011.png
 1.4 mb	 0.3% Assets/Resources/Sprites/CrazyDave/SmallTalk/CrazyDave_SmallTalk0006.png
 1.4 mb	 0.3% Assets/Resources/Sprites/CrazyDave/Idle/CrazyDave_Idle0005.png
 1.4 mb	 0.3% Assets/Resources/Sprites/CrazyDave/SmallTalk/CrazyDave_SmallTalk0003.png
 1.4 mb	 0.3% Assets/Resources/Sprites/CrazyDave/Talk/CrazyDave_Talk0004.png
 1.4 mb	 0.3% Assets/Resources/Sprites/CrazyDave/Talk/CrazyDave_Talk0015.png
 1.4 mb	 0.3% Assets/Resources/Sprites/CrazyDave/Talk/CrazyDave_Talk0014.png
 1.4 mb	 0.3% Assets/Resources/Sprites/CrazyDave/Enter/CrazyDave_Enter0012.png
 1.4 mb	 0.3% Assets/Resources/Sprites/CrazyDave/Idle/CrazyDave_Idle0015.png
 1.4 mb	 0.3% Assets/Resources/Sprites/CrazyDave/SmallTalk/CrazyDave_SmallTalk0007.png
 1.4 mb	 0.3% Assets/Resources/Sprites/CrazyDave/SmallTalk/CrazyDave_SmallTalk0005.png
 1.4 mb	 0.3% Assets/Resources/Sprites/CrazyDave/Talk/CrazyDave_Talk0006.png
 1.4 mb	 0.3% Assets/Resources/Sprites/CrazyDave/SmallTalk/CrazyDave_SmallTalk0001.png
 1.4 mb	 0.3% Assets/Resources/Sprites/CrazyDave/Talk/CrazyDave_Talk0001.png
 1.4 mb	 0.3% Assets/Resources/Sprites/CrazyDave/Leave/CrazyDave_Leave0001.png
 1.4 mb	 0.3% Assets/Resources/Sprites/CrazyDave/Idle/CrazyDave_Idle0001.png
 1.4 mb	 0.3% Assets/Resources/Sprites/CrazyDave/Talk/CrazyDave_Talk0010.png
 1.4 mb	 0.3% Assets/Resources/Sprites/CrazyDave/Idle/CrazyDave_Idle0007.png
 1.4 mb	 0.3% Assets/Resources/Sprites/CrazyDave/Talk/CrazyDave_Talk0002.png
 1.4 mb	 0.3% Assets/Resources/Sprites/CrazyDave/Idle/CrazyDave_Idle0014.png
 1.4 mb	 0.3% Assets/Resources/Sprites/CrazyDave/SmallTalk/CrazyDave_SmallTalk0004.png
 1.4 mb	 0.3% Assets/Resources/Sprites/CrazyDave/Crazy/CrazyDave_Crazy0004.png
 1.4 mb	 0.3% Assets/Resources/Sprites/CrazyDave/Idle/CrazyDave_Idle0003.png
 1.4 mb	 0.3% Assets/Resources/Sprites/CrazyDave/Idle/CrazyDave_Idle0011.png
 1.4 mb	 0.3% Assets/Resources/Sprites/CrazyDave/Idle/CrazyDave_Idle0021.png
 1.4 mb	 0.3% Assets/Resources/Sprites/CrazyDave/Enter/CrazyDave_Enter0018.png
 1.4 mb	 0.3% Assets/Resources/Sprites/CrazyDave/Crazy/CrazyDave_Crazy0036.png
 1.4 mb	 0.3% Assets/Resources/Sprites/CrazyDave/Crazy/CrazyDave_Crazy0003.png
 1.4 mb	 0.3% Assets/Resources/Sprites/CrazyDave/Crazy/CrazyDave_Crazy0002.png
 1.4 mb	 0.3% Assets/Resources/Sprites/CrazyDave/Crazy/CrazyDave_Crazy0001.png
 1.4 mb	 0.3% Assets/Resources/Sprites/CrazyDave/Talk/CrazyDave_Talk0017.png
 1.4 mb	 0.3% Assets/Resources/Sprites/CrazyDave/SmallTalk/CrazyDave_SmallTalk0009.png
 1.4 mb	 0.3% Assets/Resources/Sprites/CrazyDave/Talk/CrazyDave_Talk0018.png
 1.4 mb	 0.3% Assets/Resources/Sprites/CrazyDave/Talk/CrazyDave_Talk0009.png
 1.4 mb	 0.3% Assets/Resources/Sprites/CrazyDave/Idle/CrazyDave_Idle0016.png
 1.4 mb	 0.3% Assets/Resources/Sprites/CrazyDave/Idle/CrazyDave_Idle0012.png
 1.4 mb	 0.3% Assets/Resources/Sprites/CrazyDave/Idle/CrazyDave_Idle0006.png
 1.4 mb	 0.3% Assets/Resources/Sprites/CrazyDave/Talk/CrazyDave_Talk0016.png
 1.4 mb	 0.3% Assets/Resources/Sprites/CrazyDave/Enter/CrazyDave_Enter0017.png
 1.4 mb	 0.3% Assets/Resources/Sprites/CrazyDave/Talk/CrazyDave_Talk0005.png
 1.4 mb	 0.3% Assets/Resources/Sprites/CrazyDave/Idle/CrazyDave_Idle0018.png
 1.4 mb	 0.3% Assets/Resources/Sprites/CrazyDave/Leave/CrazyDave_Leave0005.png
 1.4 mb	 0.3% Assets/Resources/Sprites/CrazyDave/Idle/CrazyDave_Idle0013.png
 1.4 mb	 0.3% Assets/Resources/Sprites/CrazyDave/Idle/CrazyDave_Idle0017.png
 1.4 mb	 0.3% Assets/Resources/Sprites/CrazyDave/SmallTalk/CrazyDave_SmallTalk0008.png
 1.4 mb	 0.3% Assets/Resources/Sprites/CrazyDave/Talk/CrazyDave_Talk0003.png
 1.4 mb	 0.3% Assets/Resources/Sprites/CrazyDave/Idle/CrazyDave_Idle0020.png
 1.4 mb	 0.3% Assets/Resources/Sprites/CrazyDave/SmallTalk/CrazyDave_SmallTalk0002.png
 1.4 mb	 0.3% Assets/Resources/Sprites/CrazyDave/Idle/CrazyDave_Idle0002.png
 1.4 mb	 0.3% Assets/Resources/Sprites/CrazyDave/Leave/CrazyDave_Leave0006.png
 1.4 mb	 0.3% Assets/Resources/Sprites/CrazyDave/Leave/CrazyDave_Leave0003.png
 1.4 mb	 0.3% Assets/Resources/Sprites/CrazyDave/Leave/CrazyDave_Leave0004.png
 1.4 mb	 0.3% Assets/Resources/Sprites/CrazyDave/Leave/CrazyDave_Leave0002.png
 1.4 mb	 0.3% Assets/Resources/Sprites/CrazyDave/Enter/CrazyDave_Enter0011.png
 1.4 mb	 0.3% Assets/Resources/Sprites/CrazyDave/Leave/CrazyDave_Leave0007.png
 1.4 mb	 0.3% Assets/Resources/Sprites/CrazyDave/Leave/CrazyDave_Leave0008.png
 1.4 mb	 0.3% Assets/Resources/Sprites/CrazyDave/Leave/CrazyDave_Leave0009.png
 1.4 mb	 0.3% Assets/Resources/Sprites/CrazyDave/Enter/CrazyDave_Enter0010.png
 1.4 mb	 0.3% Assets/Resources/Sprites/CrazyDave/Leave/CrazyDave_Leave0010.png
 1.4 mb	 0.3% Assets/Resources/Sprites/CrazyDave/Enter/CrazyDave_Enter0009.png
 1.4 mb	 0.3% Assets/Resources/Sprites/CrazyDave/Leave/CrazyDave_Leave0011.png
 1.4 mb	 0.3% Assets/Resources/Sprites/CrazyDave/Enter/CrazyDave_Enter0008.png
 1.4 mb	 0.3% Assets/Resources/Sprites/CrazyDave/Enter/CrazyDave_Enter0007.png
 1.4 mb	 0.3% Assets/Resources/Sprites/CrazyDave/Leave/CrazyDave_Leave0012.png
 1.4 mb	 0.3% Assets/Resources/Sprites/CrazyDave/Enter/CrazyDave_Enter0006.png
 1.4 mb	 0.3% Assets/Resources/Sprites/CrazyDave/Enter/CrazyDave_Enter0005.png
 1.4 mb	 0.3% Assets/Resources/Sprites/CrazyDave/Leave/CrazyDave_Leave0013.png
 1.4 mb	 0.3% Assets/Resources/Sprites/CrazyDave/Enter/CrazyDave_Enter0003.png
 1.4 mb	 0.3% Assets/Resources/Sprites/CrazyDave/Enter/CrazyDave_Enter0004.png
 1.4 mb	 0.3% Assets/Resources/Sprites/CrazyDave/Leave/CrazyDave_Leave0014.png
 1.4 mb	 0.3% Assets/Resources/Sprites/CrazyDave/Enter/CrazyDave_Enter0002.png
 1.4 mb	 0.3% Assets/Resources/Sprites/Zombies/YetiZombie/YetiZombie.psb
 1.4 mb	 0.3% Assets/Resources/Sprites/Sun/FullMoon.png
 1.2 mb	 0.3% Assets/Resources/Sprites/Plants/SnowKing.png
 982.0 kb	 0.2% Assets/Resources/Sprites/Sun/CrescentMoon.png
 911.9 kb	 0.2% Assets/Resources/Sprites/Zombies/YetiZombie/YetiZombie.png
 799.5 kb	 0.2% Assets/Resources/Sounds/Background/Music_Roco_PetPark.ogg
 746.7 kb	 0.2% Assets/Resources/Sprites/UI/Menu/dialog.png
 667.6 kb	 0.1% Assets/Resources/Fonts/Baloo2.ttf
 623.6 kb	 0.1% Assets/Resources/Sounds/Plants/MXBC.ogg
 618.1 kb	 0.1% Assets/Resources/Sprites/Zombies/ChineseZombie/ChineseZombieImage.png
 617.8 kb	 0.1% Assets/Resources/Sprites/UI/PauseMenu/options_menuback.jpg
 576.4 kb	 0.1% Resources/unity_builtin_extra
 564.2 kb	 0.1% Assets/Resources/Sprites/Imported/MarbleXu/Plants/IceShroom/IceShroomSnow/IceShroomSnow_0.png
 517.7 kb	 0.1% Assets/Resources/Sprites/Plants/SunNut/States/SunNut0.png
 516.7 kb	 0.1% Assets/Resources/Sprites/Plants/SunNut/States/SunNut1.png
 515.9 kb	 0.1% Assets/Resources/Sprites/Plants/SunNut/States/SunNut2.png
 489.6 kb	 0.1% Assets/Resources/Sprites/Sun/Sun/Sun0008.png
 489.6 kb	 0.1% Assets/Resources/Sprites/Sun/Sun/Sun0007.png
 489.6 kb	 0.1% Assets/Resources/Sprites/Sun/Sun/Sun0010.png
 489.6 kb	 0.1% Assets/Resources/Sprites/Sun/Sun/Sun0004.png
 489.5 kb	 0.1% Assets/Resources/Sprites/Sun/Sun/Sun0006.png
 489.5 kb	 0.1% Assets/Resources/Sprites/Sun/Sun/Sun0013.png
 489.5 kb	 0.1% Assets/Resources/Sprites/Sun/Sun/Sun0003.png
 489.5 kb	 0.1% Assets/Resources/Sprites/Sun/Sun/Sun0002.png
 489.5 kb	 0.1% Assets/Resources/Sprites/Sun/Sun/Sun0012.png
 489.5 kb	 0.1% Assets/Resources/Sprites/Sun/Sun/Sun0009.png
 489.5 kb	 0.1% Assets/Resources/Sprites/Sun/Sun/Sun0011.png
 489.5 kb	 0.1% Assets/Resources/Sprites/Sun/Sun/Sun0005.png
 489.5 kb	 0.1% Assets/Resources/Sprites/Sun/Sun/Sun0001.png
 419.2 kb	 0.1% Assets/Resources/Sprites/Zombies/SnowZombie/IceShield.png
 417.8 kb	 0.1% Assets/Resources/Sprites/PlantBullet/SnowKingBullet/SnowKingBullet1.png
 410.8 kb	 0.1% Assets/Resources/Sprites/BackGround/background_Night_Bone.png
 410.8 kb	 0.1% Assets/Resources/Sprites/BackGround/Background_Night_Wall.png
 410.8 kb	 0.1% Assets/Resources/Sprites/BackGround/Background_Winter.png
 410.8 kb	 0.1% Assets/Resources/Sprites/BackGround/Background_Forest.png
 410.8 kb	 0.1% Assets/Resources/Sprites/BackGround/background_Night.jpg
 410.8 kb	 0.1% Assets/Resources/Sprites/BackGround/Background_Ice.png
 410.8 kb	 0.1% Assets/Resources/Sprites/BackGround/Background_Day.jpg
 393.2 kb	 0.1% Assets/Resources/Sprites/Zombies/IceBlockZombie/IceBlockZombie_Complete.psb
 393.2 kb	 0.1% Assets/Resources/Sprites/Zombies/ChineseZombie/ChineseZombie_Mad.psb
 393.2 kb	 0.1% Assets/Resources/Sprites/Zombies/ChineseZombie/ChineseZombie.psb
 393.1 kb	 0.1% Assets/Resources/Sprites/Zombies/IceBlockZombie/IceBlockZombie_Incomplete2.psb
 392.6 kb	 0.1% Assets/Resources/Sprites/Zombies/IceBlockZombie/IceBlockZombie_Incomplete1.psb
 351.6 kb	 0.1% Assets/Resources/Sprites/Plants/MiaoMiao/MiaoMiaoHalo.png
 340.5 kb	 0.1% Assets/Resources/Sprites/Items/Fire/Fire0006.png
 340.5 kb	 0.1% Assets/Resources/Sprites/Items/Fire/Fire0003.png
 340.5 kb	 0.1% Assets/Resources/Sprites/Items/Fire/Fire0007.png
 340.5 kb	 0.1% Assets/Resources/Sprites/Items/Fire/Fire0001.png
 340.4 kb	 0.1% Assets/Resources/Sprites/Items/Fire/Fire0009.png
 340.2 kb	 0.1% Assets/Resources/Sprites/Items/Fire/Fire0008.png
 340.2 kb	 0.1% Assets/Resources/Sprites/Items/Fire/Fire0005.png
 340.1 kb	 0.1% Assets/Resources/Sprites/Items/Fire/Fire0010.png
 340.0 kb	 0.1% Assets/Resources/Sprites/Items/Fire/Fire0004.png
 340.0 kb	 0.1% Assets/Resources/Sprites/Items/Fire/Fire0002.png
 340.0 kb	 0.1% Assets/Resources/Sprites/Items/Fire/Fire0012.png
 339.8 kb	 0.1% Assets/Resources/Sprites/Items/Fire/Fire0011.png
 317.5 kb	 0.1% Assets/Resources/Sprites/Plants/MiaoMiao.png
 300.4 kb	 0.1% Assets/Resources/Sprites/PlantBullet/SnowKingBullet/SnowKingBullet2.png
 293.7 kb	 0.1% Assets/Resources/Sprites/Zombies/IceBlockZombie/IceBlockZombie.png
 290.4 kb	 0.1% Assets/Resources/Sprites/Imported/MarbleXu/Plants/Jalapeno/JalapenoExplode/JalapenoExplode_7.png
 290.4 kb	 0.1% Assets/Resources/Sprites/Imported/MarbleXu/Plants/Jalapeno/JalapenoExplode/JalapenoExplode_6.png
 290.4 kb	 0.1% Assets/Resources/Sprites/Imported/MarbleXu/Plants/Jalapeno/JalapenoExplode/JalapenoExplode_5.png
 290.4 kb	 0.1% Assets/Resources/Sprites/Imported/MarbleXu/Plants/Jalapeno/JalapenoExplode/JalapenoExplode_4.png
 290.4 kb	 0.1% Assets/Resources/Sprites/Imported/MarbleXu/Plants/Jalapeno/JalapenoExplode/JalapenoExplode_3.png
 290.4 kb	 0.1% Assets/Resources/Sprites/Imported/MarbleXu/Plants/Jalapeno/JalapenoExplode/JalapenoExplode_2.png
 290.4 kb	 0.1% Assets/Resources/Sprites/Imported/MarbleXu/Plants/Jalapeno/JalapenoExplode/JalapenoExplode_1.png
 290.4 kb	 0.1% Assets/Resources/Sprites/Imported/MarbleXu/Plants/Jalapeno/JalapenoExplode/JalapenoExplode_0.png
 230.7 kb	 0.1% Assets/Resources/Sprites/Plants/Squash/Squash_JumpDown/Squash_JumpDown_0004.png
 230.6 kb	 0.1% Assets/Resources/Sprites/Plants/Squash/Squash_JumpDown/Squash_JumpDown_0003.png
 230.6 kb	 0.1% Assets/Resources/Sprites/Plants/Squash/Squash_JumpDown/Squash_JumpDown_0001.png
 230.6 kb	 0.1% Assets/Resources/Sprites/Plants/Squash/Squash_JumpDown/Squash_JumpDown_0005.png
 230.6 kb	 0.1% Assets/Resources/Sprites/Plants/Squash/Squash_JumpDown/Squash_JumpDown_0002.png
 230.5 kb	 0.1% Assets/Resources/Sprites/Plants/Squash/Squash_JumpDown/Squash_JumpDown_0006.png
 230.5 kb	 0.1% Assets/Resources/Sprites/Plants/Squash/Squash_JumpDown/Squash_JumpDown_0008.png
 230.4 kb	 0.1% Assets/Resources/Sprites/Plants/Squash/Squash_JumpDown/Squash_JumpDown_0007.png
 227.2 kb	 0.1% Assets/Resources/Sprites/PlantBullet/SnowKingBullet/SnowKingBullet4.png
 222.6 kb	 0.0% Assets/Resources/Sprites/Zombies/IceBlockZombie/IceBlockZombie_NoArm.psb
 211.5 kb	 0.0% Assets/Resources/Sprites/Zombies/IceBlockZombie/IceBlockZombie_NoIce.psb
 205.3 kb	 0.0% Assets/Resources/Sprites/Plants/Squash/Squash_JumpUp/Squash_JumpUp_0014.png
 205.2 kb	 0.0% Assets/Resources/Sprites/Plants/Squash/Squash_JumpUp/Squash_JumpUp_0015.png
 205.2 kb	 0.0% Assets/Resources/Sprites/Plants/Squash/Squash_JumpUp/Squash_JumpUp_0003.png
 205.2 kb	 0.0% Assets/Resources/Sprites/Plants/Squash/Squash_JumpUp/Squash_JumpUp_0012.png
 205.2 kb	 0.0% Assets/Resources/Sprites/Plants/Squash/Squash_JumpUp/Squash_JumpUp_0013.png
 205.2 kb	 0.0% Assets/Resources/Sprites/Plants/Squash/Squash_JumpUp/Squash_JumpUp_0010.png
 205.2 kb	 0.0% Assets/Resources/Sprites/Plants/Squash/Squash_JumpUp/Squash_JumpUp_0002.png
 205.2 kb	 0.0% Assets/Resources/Sprites/Plants/Squash/Squash_JumpUp/Squash_JumpUp_0001.png
 205.2 kb	 0.0% Assets/Resources/Sprites/Plants/Squash/Squash_JumpUp/Squash_JumpUp_0006.png
 205.1 kb	 0.0% Assets/Resources/Sprites/Plants/Squash/Squash_JumpUp/Squash_JumpUp_0011.png
 205.1 kb	 0.0% Assets/Resources/Sprites/Plants/Squash/Squash_JumpUp/Squash_JumpUp_0009.png
 205.1 kb	 0.0% Assets/Resources/Sprites/Plants/Squash/Squash_JumpUp/Squash_JumpUp_0008.png
 205.1 kb	 0.0% Assets/Resources/Sprites/Plants/Squash/Squash_JumpUp/Squash_JumpUp_0004.png
 205.1 kb	 0.0% Assets/Resources/Sprites/Plants/Squash/Squash_JumpUp/Squash_JumpUp_0005.png
 205.1 kb	 0.0% Assets/Resources/Sprites/Plants/Squash/Squash_JumpUp/Squash_JumpUp_0007.png
 204.3 kb	 0.0% Assets/Resources/Sprites/PlantBullet/SnowKingBullet/SnowKingBullet3.png
 201.1 kb	 0.0% Assets/Resources/Sprites/UI/SpeechBubble/SpeechBubble3.png
 201.1 kb	 0.0% Assets/Resources/Sprites/UI/SpeechBubble/SpeechBubble4.png
 201.1 kb	 0.0% Assets/Resources/Sprites/UI/SpeechBubble/SpeechBubble2.png
 201.1 kb	 0.0% Assets/Resources/Sprites/UI/SpeechBubble/SpeechBubble.png
 164.2 kb	 0.0% Assets/Resources/Sprites/Plants/TorchWood/Idle/Torchwood0005.png
 164.1 kb	 0.0% Assets/Resources/Sprites/Plants/TorchWood/Idle/Torchwood0002.png
 164.0 kb	 0.0% Assets/Resources/Sprites/Plants/TorchWood/Idle/Torchwood0020.png
 164.0 kb	 0.0% Assets/Resources/Sprites/Plants/TorchWood/Idle/Torchwood0004.png
 164.0 kb	 0.0% Assets/Resources/Sprites/Plants/TorchWood/Idle/Torchwood0017.png
 163.9 kb	 0.0% Assets/Resources/Sprites/Plants/TorchWood/Idle/Torchwood0019.png
 163.9 kb	 0.0% Assets/Resources/Sprites/Plants/TorchWood/Idle/Torchwood0011.png
 163.8 kb	 0.0% Assets/Resources/Sprites/Plants/TorchWood/Idle/Torchwood0015.png
 163.8 kb	 0.0% Assets/Resources/Sprites/Plants/TorchWood/Idle/Torchwood0010.png
 163.7 kb	 0.0% Assets/Resources/Sprites/Plants/TorchWood/Idle/Torchwood0021.png
 163.6 kb	 0.0% Assets/Resources/Sprites/Plants/TorchWood/Idle/Torchwood0006.png
 163.6 kb	 0.0% Assets/Resources/Sprites/Plants/TorchWood/Idle/Torchwood0003.png
 163.6 kb	 0.0% Assets/Resources/Sprites/Plants/TorchWood/Idle/Torchwood0018.png
 163.5 kb	 0.0% Assets/Resources/Sprites/Plants/TorchWood/Idle/Torchwood0013.png
 163.5 kb	 0.0% Assets/Resources/Sprites/Plants/TorchWood/Idle/Torchwood0012.png
 163.5 kb	 0.0% Assets/Resources/Sprites/Plants/TorchWood/Idle/Torchwood0008.png
 163.5 kb	 0.0% Assets/Resources/Sprites/Plants/TorchWood/Idle/Torchwood0007.png
 163.4 kb	 0.0% Assets/Resources/Sprites/Plants/TorchWood/Idle/Torchwood0016.png
 163.4 kb	 0.0% Assets/Resources/Sprites/Plants/TorchWood/Idle/Torchwood0014.png
 163.4 kb	 0.0% Assets/Resources/Sprites/Plants/TorchWood/Idle/Torchwood0001.png
 163.4 kb	 0.0% Assets/Resources/Sprites/Plants/TorchWood/Idle/Torchwood0009.png
 163.4 kb	 0.0% Assets/Resources/Sprites/Plants/Torchwood.png
 162.1 kb	 0.0% Assets/Resources/Sprites/UI/Menu/button_pressed.png
 162.0 kb	 0.0% Assets/Resources/Sprites/UI/Menu/button_highlighted.png
 162.0 kb	 0.0% Assets/Resources/Sprites/UI/Menu/button_normal.png
 158.9 kb	 0.0% Assets/Resources/Sprites/Plants/Squash/Squash_Idle/Squash_Idle_0015.png
 158.8 kb	 0.0% Assets/Resources/Sprites/Plants/Squash/Squash_Idle/Squash_Idle_0005.png
 158.8 kb	 0.0% Assets/Resources/Sprites/Plants/Squash/Squash_Idle/Squash_Idle_0002.png
 158.8 kb	 0.0% Assets/Resources/Sprites/Plants/Squash/Squash_Idle/Squash_Idle_0014.png
 158.8 kb	 0.0% Assets/Resources/Sprites/Plants/Squash/Squash_Idle/Squash_Idle_0013.png
 158.8 kb	 0.0% Assets/Resources/Sprites/Plants/Squash/Squash_Idle/Squash_Idle_0016.png
 158.8 kb	 0.0% Assets/Resources/Sprites/Plants/Squash/Squash_Idle/Squash_Idle_0019.png
 158.8 kb	 0.0% Assets/Resources/Sprites/Plants/Squash/Squash_Idle/Squash_Idle_0010.png
 158.8 kb	 0.0% Assets/Resources/Sprites/Plants/Squash/Squash_Idle/Squash_Idle_0001.png
 158.8 kb	 0.0% Assets/Resources/Sprites/Plants/Squash/Squash_Idle/Squash_Idle_0017.png
 158.8 kb	 0.0% Assets/Resources/Sprites/Plants/Squash/Squash_Idle/Squash_Idle_0004.png
 158.8 kb	 0.0% Assets/Resources/Sprites/Plants/Squash/Squash_Idle/Squash_Idle_0006.png
 158.8 kb	 0.0% Assets/Resources/Sprites/Plants/Squash/Squash_Idle/Squash_Idle_0003.png
 158.8 kb	 0.0% Assets/Resources/Sprites/Plants/Squash.png
 158.8 kb	 0.0% Assets/Resources/Sprites/Plants/Squash/Squash_Idle/Squash_Idle_0012.png
 158.7 kb	 0.0% Assets/Resources/Sprites/Plants/Squash/Squash_Idle/Squash_Idle_0009.png
 158.7 kb	 0.0% Assets/Resources/Sprites/Plants/Squash/Squash_Idle/Squash_Idle_0008.png
 158.7 kb	 0.0% Assets/Resources/Sprites/Plants/Squash/Squash_Idle/Squash_Idle_0007.png
 158.7 kb	 0.0% Assets/Resources/Sprites/Plants/Squash/Squash_Idle/Squash_Idle_0018.png
 158.7 kb	 0.0% Assets/Resources/Sprites/Plants/Squash/Squash_Idle/Squash_Idle_0011.png
 157.1 kb	 0.0% Assets/Resources/Sprites/UI/Caption/StartPlant.png
 156.8 kb	 0.0% Assets/Resources/Sprites/UI/Caption/StartSet.png
 156.8 kb	 0.0% Assets/Resources/Sprites/UI/Caption/StartReady.png
 152.3 kb	 0.0% Assets/Resources/Sprites/UI/MainPanel.png
 148.7 kb	 0.0% Assets/Resources/Sprites/PlantBullet/FirePea/FirePea0018.png
 148.7 kb	 0.0% Assets/Resources/Sprites/PlantBullet/FirePea/FirePea0020.png
 148.7 kb	 0.0% Assets/Resources/Sprites/PlantBullet/FirePea/FirePea0022.png
 148.6 kb	 0.0% Assets/Resources/Sprites/PlantBullet/FirePea/FirePea0017.png
 148.6 kb	 0.0% Assets/Resources/Sprites/PlantBullet/FirePea/FirePea0024.png
 148.6 kb	 0.0% Assets/Resources/Sprites/PlantBullet/FirePea/FirePea0014.png
 148.6 kb	 0.0% Assets/Resources/Sprites/PlantBullet/FirePea/FirePea0015.png
 148.6 kb	 0.0% Assets/Resources/Sprites/PlantBullet/FirePea/FirePea0012.png
 148.6 kb	 0.0% Assets/Resources/Sprites/PlantBullet/FirePea/FirePea0008.png
 148.6 kb	 0.0% Assets/Resources/Sprites/PlantBullet/FirePea/FirePea0010.png
 148.6 kb	 0.0% Assets/Resources/Sprites/PlantBullet/FirePea/FirePea0002.png
 148.5 kb	 0.0% Assets/Resources/Sprites/PlantBullet/FirePea/FirePea0016.png
 148.5 kb	 0.0% Assets/Resources/Sprites/PlantBullet/FirePea/FirePea0019.png
 148.5 kb	 0.0% Assets/Resources/Sprites/PlantBullet/FirePea/FirePea0003.png
 148.5 kb	 0.0% Assets/Resources/Sprites/PlantBullet/FirePea/FirePea0007.png
 148.5 kb	 0.0% Assets/Resources/Sprites/PlantBullet/FirePea/FirePea0021.png
 148.5 kb	 0.0% Assets/Resources/Sprites/PlantBullet/FirePea/FirePea0023.png
 148.5 kb	 0.0% Assets/Resources/Sprites/PlantBullet/FirePea/FirePea0009.png
 148.5 kb	 0.0% Assets/Resources/Sprites/PlantBullet/FirePea/FirePea0004.png
 148.5 kb	 0.0% Assets/Resources/Sprites/PlantBullet/FirePea/FirePea0005.png
 148.5 kb	 0.0% Assets/Resources/Sprites/PlantBullet/FirePea/FirePea0011.png
 148.5 kb	 0.0% Assets/Resources/Sprites/PlantBullet/FirePea/FirePea0013.png
 148.5 kb	 0.0% Assets/Resources/Sprites/PlantBullet/FirePea/FirePea0025.png
 148.5 kb	 0.0% Assets/Resources/Sprites/PlantBullet/FirePea/FirePea0001.png
 148.5 kb	 0.0% Assets/Resources/Sprites/PlantBullet/FirePea/FirePea0006.png
 139.5 kb	 0.0% Assets/Resources/Sprites/Plants/Squash/Squash_LookRight/Squash_LookRight_0006.png
 139.5 kb	 0.0% Assets/Resources/Sprites/Plants/Squash/Squash_LookRight/Squash_LookRight_0005.png
 139.5 kb	 0.0% Assets/Resources/Sprites/Plants/Squash/Squash_LookRight/Squash_LookRight_0004.png
 139.5 kb	 0.0% Assets/Resources/Sprites/Plants/Squash/Squash_LookRight/Squash_LookRight_0003.png
 139.5 kb	 0.0% Assets/Resources/Sprites/Plants/Squash/Squash_LookRight/Squash_LookRight_0002.png
 139.5 kb	 0.0% Assets/Resources/Sprites/Plants/Squash/Squash_LookRight/Squash_LookRight_0001.png
 139.4 kb	 0.0% Assets/Resources/Sprites/Plants/Squash/Squash_LookLeft/Squash_LookLeft_0006.png
 139.4 kb	 0.0% Assets/Resources/Sprites/Plants/Squash/Squash_LookLeft/Squash_LookLeft_0005.png
 139.4 kb	 0.0% Assets/Resources/Sprites/Plants/Squash/Squash_LookLeft/Squash_LookLeft_0004.png
 139.4 kb	 0.0% Assets/Resources/Sprites/Plants/Squash/Squash_LookLeft/Squash_LookLeft_0003.png
 139.4 kb	 0.0% Assets/Resources/Sprites/Plants/Squash/Squash_LookLeft/Squash_LookLeft_0002.png
 139.4 kb	 0.0% Assets/Resources/Sprites/Plants/Squash/Squash_LookLeft/Squash_LookLeft_0001.png
 127.9 kb	 0.0% Assets/Resources/Sprites/Zombies/Ghost/GhostImage.png
 126.5 kb	 0.0% Assets/Resources/Sprites/PlantBullet/ParasiticSeed/ParasiticSeedBoom.png
 119.1 kb	 0.0% Assets/Resources/Sounds/UI/Caption/StartPlant.ogg
 107.6 kb	 0.0% Assets/Resources/Sprites/UI/Caption/FinalWave.png
 104.8 kb	 0.0% Assets/Resources/Sprites/Items/Shadow.png
 94.8 kb	 0.0% Assets/Resources/Sprites/Imported/MarbleXu/Zombies/FlagZombie/FlagZombieLostHead/FlagZombieLostHead_1.png
 94.7 kb	 0.0% Assets/Resources/Sprites/Imported/MarbleXu/Zombies/FlagZombie/FlagZombie/FlagZombie_10.png
 94.7 kb	 0.0% Assets/Resources/Sprites/Imported/MarbleXu/Zombies/FlagZombie/FlagZombie/FlagZombie_7.png
 94.7 kb	 0.0% Assets/Resources/Sprites/Imported/MarbleXu/Zombies/FlagZombie/FlagZombie/FlagZombie_11.png
 94.7 kb	 0.0% Assets/Resources/Sprites/Imported/MarbleXu/Zombies/FlagZombie/FlagZombieLostHead/FlagZombieLostHead_2.png
 94.6 kb	 0.0% Assets/Resources/Sprites/Imported/MarbleXu/Zombies/FlagZombie/FlagZombieLostHead/FlagZombieLostHead_6.png
 94.6 kb	 0.0% Assets/Resources/Sprites/Imported/MarbleXu/Zombies/FlagZombie/FlagZombie/FlagZombie_1.png
 94.6 kb	 0.0% Assets/Resources/Sprites/Imported/MarbleXu/Zombies/FlagZombie/FlagZombieLostHead/FlagZombieLostHead_7.png
 94.6 kb	 0.0% Assets/Resources/Sprites/Imported/MarbleXu/Zombies/FlagZombie/FlagZombieLostHeadAttack/FlagZombieLostHeadAttack_6.png
 94.6 kb	 0.0% Assets/Resources/Sprites/Imported/MarbleXu/Zombies/FlagZombie/FlagZombieLostHeadAttack/FlagZombieLostHeadAttack_7.png
 94.6 kb	 0.0% Assets/Resources/Sprites/Imported/MarbleXu/Zombies/FlagZombie/FlagZombieLostHead/FlagZombieLostHead_11.png
 94.6 kb	 0.0% Assets/Resources/Sprites/Imported/MarbleXu/Zombies/FlagZombie/FlagZombieLostHead/FlagZombieLostHead_0.png
 94.6 kb	 0.0% Assets/Resources/Sprites/Imported/MarbleXu/Zombies/FlagZombie/FlagZombieLostHeadAttack/FlagZombieLostHeadAttack_0.png
 94.6 kb	 0.0% Assets/Resources/Sprites/Imported/MarbleXu/Zombies/FlagZombie/FlagZombie/FlagZombie_2.png
 94.6 kb	 0.0% Assets/Resources/Sprites/Imported/MarbleXu/Zombies/FlagZombie/FlagZombieLostHeadAttack/FlagZombieLostHeadAttack_8.png
 94.6 kb	 0.0% Assets/Resources/Sprites/Imported/MarbleXu/Zombies/FlagZombie/FlagZombieAttack/FlagZombieAttack_5.png
 94.6 kb	 0.0% Assets/Resources/Sprites/Imported/MarbleXu/Zombies/FlagZombie/FlagZombieAttack/FlagZombieAttack_10.png
 94.5 kb	 0.0% Assets/Resources/Sprites/Imported/MarbleXu/Zombies/FlagZombie/FlagZombieAttack/FlagZombieAttack_8.png
 94.5 kb	 0.0% Assets/Resources/Sprites/Imported/MarbleXu/Zombies/FlagZombie/FlagZombieAttack/FlagZombieAttack_7.png
 94.5 kb	 0.0% Assets/Resources/Sprites/Imported/MarbleXu/Zombies/FlagZombie/FlagZombieAttack/FlagZombieAttack_4.png
 94.5 kb	 0.0% Assets/Resources/Sprites/Imported/MarbleXu/Zombies/FlagZombie/FlagZombieAttack/FlagZombieAttack_2.png
 94.5 kb	 0.0% Assets/Resources/Sprites/Imported/MarbleXu/Zombies/FlagZombie/FlagZombieLostHeadAttack/FlagZombieLostHeadAttack_9.png
 94.5 kb	 0.0% Assets/Resources/Sprites/Imported/MarbleXu/Zombies/FlagZombie/FlagZombie/FlagZombie_0.png
 94.5 kb	 0.0% Assets/Resources/Sprites/Imported/MarbleXu/Zombies/FlagZombie/FlagZombieLostHeadAttack/FlagZombieLostHeadAttack_2.png
 94.5 kb	 0.0% Assets/Resources/Sprites/Imported/MarbleXu/Zombies/FlagZombie/FlagZombieAttack/FlagZombieAttack_1.png
 94.5 kb	 0.0% Assets/Resources/Sprites/Imported/MarbleXu/Zombies/FlagZombie/FlagZombieLostHead/FlagZombieLostHead_3.png
 94.5 kb	 0.0% Assets/Resources/Sprites/Imported/MarbleXu/Zombies/FlagZombie/FlagZombie/FlagZombie_4.png
 94.5 kb	 0.0% Assets/Resources/Sprites/Imported/MarbleXu/Zombies/FlagZombie/FlagZombieAttack/FlagZombieAttack_6.png
 94.5 kb	 0.0% Assets/Resources/Sprites/Imported/MarbleXu/Zombies/FlagZombie/FlagZombieLostHeadAttack/FlagZombieLostHeadAttack_3.png
 94.5 kb	 0.0% Assets/Resources/Sprites/Imported/MarbleXu/Zombies/FlagZombie/FlagZombie/FlagZombie_5.png
 94.5 kb	 0.0% Assets/Resources/Sprites/Imported/MarbleXu/Zombies/FlagZombie/FlagZombieAttack/FlagZombieAttack_3.png
 94.5 kb	 0.0% Assets/Resources/Sprites/Imported/MarbleXu/Zombies/FlagZombie/FlagZombieAttack/FlagZombieAttack_0.png
 94.5 kb	 0.0% Assets/Resources/Sprites/Imported/MarbleXu/Zombies/FlagZombie/FlagZombie/FlagZombie_9.png
 94.5 kb	 0.0% Assets/Resources/Sprites/Imported/MarbleXu/Zombies/FlagZombie/FlagZombie/FlagZombie_8.png
 94.5 kb	 0.0% Assets/Resources/Sprites/Imported/MarbleXu/Zombies/FlagZombie/FlagZombieLostHead/FlagZombieLostHead_8.png
 94.4 kb	 0.0% Assets/Resources/Sprites/Imported/MarbleXu/Zombies/FlagZombie/FlagZombieLostHead/FlagZombieLostHead_10.png
 94.4 kb	 0.0% Assets/Resources/Sprites/Imported/MarbleXu/Zombies/FlagZombie/FlagZombieLostHead/FlagZombieLostHead_4.png
 94.4 kb	 0.0% Assets/Resources/Sprites/Imported/MarbleXu/Zombies/FlagZombie/FlagZombie/FlagZombie_3.png
 94.4 kb	 0.0% Assets/Resources/Sprites/Imported/MarbleXu/Zombies/FlagZombie/FlagZombieLostHeadAttack/FlagZombieLostHeadAttack_1.png
 94.4 kb	 0.0% Assets/Resources/Sprites/Imported/MarbleXu/Zombies/FlagZombie/FlagZombieAttack/FlagZombieAttack_9.png
 94.4 kb	 0.0% Assets/Resources/Sprites/Imported/MarbleXu/Zombies/FlagZombie/FlagZombieLostHeadAttack/FlagZombieLostHeadAttack_4.png
 94.4 kb	 0.0% Assets/Resources/Sprites/Imported/MarbleXu/Zombies/FlagZombie/FlagZombie/FlagZombie_6.png
 94.4 kb	 0.0% Assets/Resources/Sprites/Imported/MarbleXu/Zombies/FlagZombie/FlagZombieLostHeadAttack/FlagZombieLostHeadAttack_10.png
 94.4 kb	 0.0% Assets/Resources/Sprites/Imported/MarbleXu/Zombies/FlagZombie/FlagZombieLostHead/FlagZombieLostHead_9.png
 94.3 kb	 0.0% Assets/Resources/Sprites/Imported/MarbleXu/Zombies/FlagZombie/FlagZombieLostHeadAttack/FlagZombieLostHeadAttack_5.png
 94.3 kb	 0.0% Assets/Resources/Sprites/Imported/MarbleXu/Zombies/FlagZombie/FlagZombieLostHead/FlagZombieLostHead_5.png
 91.8 kb	 0.0% Assets/Resources/Sprites/Zombies/BoneZombie/BoneZombie.psb
 91.6 kb	 0.0% Assets/Resources/Sprites/Zombies/NormalZombie/Zombie_Normal.psb
 90.2 kb	 0.0% Assets/Resources/Sprites/Zombies/Ghost/Ghost.psb
 87.1 kb	 0.0% Assets/Resources/Sprites/Zombies/NormalZombie/Zombie_Normal_NoArm.psb
 84.2 kb	 0.0% Assets/Resources/Sounds/Plants/frozen.ogg
 83.7 kb	 0.0% Assets/Resources/Sounds/UI/Caption/HugeWave.ogg
 79.7 kb	 0.0% Assets/Resources/Sprites/Zombies/SnowZombie/SnowZombie_NoArm.psb
 79.6 kb	 0.0% Assets/Resources/Sprites/Zombies/SnowZombie/SnowZombie.psb
 74.0 kb	 0.0% Assets/Resources/Sounds/UI/loseMusic.ogg
 61.1 kb	 0.0% Assets/Resources/Sprites/Zombies/SnowZombie/SnowZombie.png
 59.2 kb	 0.0% Assets/Resources/Sprites/Imported/MarbleXu/Plants/Chomper/Chomper/Chomper_6.png
 59.1 kb	 0.0% Assets/Resources/Sprites/Imported/MarbleXu/Plants/Chomper/Chomper/Chomper_10.png
 59.0 kb	 0.0% Assets/Resources/Sprites/Imported/MarbleXu/Plants/Chomper/ChomperAttack/ChomperAttack_7.png
 59.0 kb	 0.0% Assets/Resources/Sprites/Imported/MarbleXu/Plants/Chomper/Chomper/Chomper_5.png
 59.0 kb	 0.0% Assets/Resources/Sprites/Imported/MarbleXu/Plants/Chomper/Chomper/Chomper_4.png
 59.0 kb	 0.0% Assets/Resources/Sprites/Imported/MarbleXu/Plants/Chomper/Chomper/Chomper_11.png
 59.0 kb	 0.0% Assets/Resources/Sprites/Imported/MarbleXu/Plants/Chomper/Chomper/Chomper_8.png
 59.0 kb	 0.0% Assets/Resources/Sprites/Imported/MarbleXu/Plants/Chomper/ChomperAttack/ChomperAttack_3.png
 58.9 kb	 0.0% Assets/Resources/Sprites/Imported/MarbleXu/Plants/Chomper/ChomperDigest/ChomperDigest_4.png
 58.9 kb	 0.0% Assets/Resources/Sprites/Imported/MarbleXu/Plants/Chomper/ChomperAttack/ChomperAttack_1.png
 58.9 kb	 0.0% Assets/Resources/Sprites/Imported/MarbleXu/Plants/Chomper/Chomper/Chomper_12.png
 58.9 kb	 0.0% Assets/Resources/Sprites/Imported/MarbleXu/Plants/Chomper/Chomper/Chomper_2.png
 58.9 kb	 0.0% Assets/Resources/Sprites/Imported/MarbleXu/Plants/Chomper/ChomperAttack/ChomperAttack_6.png
 58.9 kb	 0.0% Assets/Resources/Sprites/Imported/MarbleXu/Plants/Chomper/ChomperAttack/ChomperAttack_5.png
 58.9 kb	 0.0% Assets/Resources/Sprites/Imported/MarbleXu/Plants/Chomper/ChomperDigest/ChomperDigest_3.png
 58.9 kb	 0.0% Assets/Resources/Sprites/Imported/MarbleXu/Plants/Chomper/ChomperDigest/ChomperDigest_1.png
 58.9 kb	 0.0% Assets/Resources/Sprites/Imported/MarbleXu/Plants/Chomper/Chomper/Chomper_0.png
 58.8 kb	 0.0% Assets/Resources/Sprites/Imported/MarbleXu/Plants/Chomper/ChomperDigest/ChomperDigest_0.png
 58.8 kb	 0.0% Assets/Resources/Sprites/Imported/MarbleXu/Plants/Chomper/ChomperAttack/ChomperAttack_8.png
 58.8 kb	 0.0% Assets/Resources/Sprites/Imported/MarbleXu/Plants/Chomper/Chomper/Chomper_7.png
 58.8 kb	 0.0% Assets/Resources/Sprites/Imported/MarbleXu/Plants/Chomper/Chomper/Chomper_9.png
 58.8 kb	 0.0% Assets/Resources/Sprites/Imported/MarbleXu/Plants/Chomper/Chomper/Chomper_1.png
 58.8 kb	 0.0% Assets/Resources/Sprites/Imported/MarbleXu/Plants/Chomper/Chomper/Chomper_3.png
 58.8 kb	 0.0% Assets/Resources/Sprites/Imported/MarbleXu/Plants/Chomper/ChomperAttack/ChomperAttack_2.png
 58.8 kb	 0.0% Assets/Resources/Sprites/Imported/MarbleXu/Plants/Chomper/ChomperDigest/ChomperDigest_5.png
 58.7 kb	 0.0% Assets/Resources/Sprites/Imported/MarbleXu/Plants/Chomper/ChomperAttack/ChomperAttack_0.png
 58.7 kb	 0.0% Assets/Resources/Sprites/Imported/MarbleXu/Plants/Chomper/ChomperDigest/ChomperDigest_2.png
 58.7 kb	 0.0% Assets/Resources/Sprites/Imported/MarbleXu/Plants/Chomper/ChomperAttack/ChomperAttack_4.png
 57.6 kb	 0.0% Assets/Resources/Sprites/Zombies/GargantuarArena/telephonepole.png
 54.2 kb	 0.0% Assets/Resources/Sprites/Items/Halo.png
 54.1 kb	 0.0% Assets/Resources/Sprites/Zombies/BoneZombie/BoneZombieImage.png
 51.8 kb	 0.0% Assets/Resources/Sprites/Zombies/GargantuarArena/body1.png
 49.7 kb	 0.0% Assets/Resources/Sounds/Zombies/warning.ogg
 45.4 kb	 0.0% Assets/Resources/Sprites/UI/Card/CardSlot.psb
 43.9 kb	 0.0% Assets/Resources/Sounds/UI/Caption/FinalWave.ogg
 43.2 kb	 0.0% Assets/Resources/Sounds/Zombies/createiceshield.ogg
 41.5 kb	 0.0% Assets/Resources/Sounds/UI/winMusic.ogg
 41.0 kb	 0.0% Assets/Resources/Sounds/Zombies/chomp2.ogg
 40.7 kb	 0.0% Assets/Resources/Sprites/Plants/PeaShooterSingle/PeaShooter_Idle/PeaShooterSingle0082.png
 40.7 kb	 0.0% Assets/Resources/Sprites/Plants/PeaShooterSingle/PeaShooter_Attack/PeaShooterSingle0107.png
 40.5 kb	 0.0% Assets/Resources/Sprites/Plants/PeaShooterSingle/PeaShooter_Idle/PeaShooterSingle0104.png
 40.5 kb	 0.0% Assets/Resources/Sprites/Plants/PeaShooterSingle/PeaShooter_Attack/PeaShooterSingle0129.png
 40.5 kb	 0.0% Assets/Resources/Sprites/Plants/PeaShooterSingle/PeaShooter_Idle/PeaShooterSingle0101.png
 40.5 kb	 0.0% Assets/Resources/Sprites/Plants/PeaShooterSingle/PeaShooter_Attack/PeaShooterSingle0126.png
 40.5 kb	 0.0% Assets/Resources/Sprites/Plants/SunFlower/Idle/SunFlower0006.png
 40.4 kb	 0.0% Assets/Resources/Sprites/Plants/PeaShooterSingle/PeaShooter_Idle/PeaShooterSingle0080.png
 40.4 kb	 0.0% Assets/Resources/Sprites/Plants/PeaShooterSingle/PeaShooter_Attack/PeaShooterSingle0105.png
 40.4 kb	 0.0% Assets/Resources/Sprites/Plants/WallNut/Cracked2/Wallnut_Cracked2_0004.png
 40.4 kb	 0.0% Assets/Resources/Sprites/Plants/WallNut/Cracked2/Wallnut_Cracked2_0005.png
 40.4 kb	 0.0% Assets/Resources/Sprites/Plants/WallNut/Cracked2/Wallnut_Cracked2_0008.png
 40.4 kb	 0.0% Assets/Resources/Sprites/Plants/WallNut/Cracked2/Wallnut_Cracked2_0009.png
 40.4 kb	 0.0% Assets/Resources/Sprites/Plants/WallNut/Cracked2/Wallnut_Cracked2_0012.png
 40.4 kb	 0.0% Assets/Resources/Sprites/Plants/SunFlower/Idle/SunFlower0023.png
 40.4 kb	 0.0% Assets/Resources/Sprites/Plants/PeaShooterSingle/PeaShooter_Idle/PeaShooterSingle0089.png
 40.4 kb	 0.0% Assets/Resources/Sprites/Plants/WallNut/Cracked2/Wallnut_Cracked2_0002.png
 40.4 kb	 0.0% Assets/Resources/Sprites/Plants/WallNut/Cracked2/Wallnut_Cracked2_0014.png
 40.3 kb	 0.0% Assets/Resources/Sprites/Plants/WallNut/Cracked2/Wallnut_Cracked2_0017.png
 40.3 kb	 0.0% Assets/Resources/Sprites/Plants/WallNut/Cracked2/Wallnut_Cracked2_0013.png
 40.3 kb	 0.0% Assets/Resources/Sprites/Plants/WallNut/Cracked2/Wallnut_Cracked2_0001.png
 40.3 kb	 0.0% Assets/Resources/Sprites/Plants/WallNut/Cracked2/Wallnut_Cracked2_0016.png
 40.3 kb	 0.0% Assets/Resources/Sprites/Plants/SunFlower/Idle/SunFlower0019.png
 40.3 kb	 0.0% Assets/Resources/Sprites/Plants/SunFlower/Idle/SunFlower0016.png
 40.3 kb	 0.0% Assets/Resources/Sprites/Plants/PeaShooterSingle/PeaShooter_Idle/PeaShooterSingle0085.png
 40.3 kb	 0.0% Assets/Resources/Sprites/Plants/PeaShooterSingle/PeaShooter_Attack/PeaShooterSingle0110.png
 40.3 kb	 0.0% Assets/Resources/Sprites/Plants/SunFlower/Idle/SunFlower0004.png
 40.3 kb	 0.0% Assets/Resources/Sprites/Plants/WallNut/Cracked2/Wallnut_Cracked2_0006.png
 40.3 kb	 0.0% Assets/Resources/Sprites/Plants/PeaShooterSingle/PeaShooter_Idle/PeaShooterSingle0102.png
 40.3 kb	 0.0% Assets/Resources/Sprites/Plants/PeaShooterSingle/PeaShooter_Attack/PeaShooterSingle0127.png
 40.3 kb	 0.0% Assets/Resources/Sprites/Plants/SunFlower.png
 40.3 kb	 0.0% Assets/Resources/Sprites/Plants/WallNut/Cracked2/Wallnut_Cracked2_0003.png
 40.3 kb	 0.0% Assets/Resources/Sprites/Plants/SunFlower/Idle/SunFlower0003.png
 40.3 kb	 0.0% Assets/Resources/Sprites/Plants/PeaShooterSingle/PeaShooter_Idle/PeaShooterSingle0103.png
 40.3 kb	 0.0% Assets/Resources/Sprites/Plants/PeaShooterSingle/PeaShooter_Idle/PeaShooterSingle0086.png
 40.3 kb	 0.0% Assets/Resources/Sprites/Plants/PeaShooterSingle/PeaShooter_Attack/PeaShooterSingle0128.png
 40.3 kb	 0.0% Assets/Resources/Sprites/Plants/PeaShooterSingle/PeaShooter_Attack/PeaShooterSingle0111.png
 40.3 kb	 0.0% Assets/Resources/Sprites/Plants/SunFlower/Idle/SunFlower0022.png
 40.3 kb	 0.0% Assets/Resources/Sprites/Plants/SunFlower/Idle/SunFlower0017.png
 40.3 kb	 0.0% Assets/Resources/Sprites/Plants/PeaShooterSingle/PeaShooter_Idle/PeaShooterSingle0091.png
 40.3 kb	 0.0% Assets/Resources/Sprites/Plants/PeaShooterSingle/PeaShooter_Idle/PeaShooterSingle0090.png
 40.3 kb	 0.0% Assets/Resources/Sprites/Plants/PeaShooterSingle/PeaShooter_Attack/PeaShooterSingle0113.png
 40.3 kb	 0.0% Assets/Resources/Sprites/Plants/PeaShooterSingle/PeaShooter_Idle/PeaShooterSingle0098.png
 40.3 kb	 0.0% Assets/Resources/Sprites/Plants/PeaShooterSingle/PeaShooter_Attack/PeaShooterSingle0123.png
 40.3 kb	 0.0% Assets/Resources/Sprites/Plants/WallNut/Cracked2/Wallnut_Cracked2_0011.png
 40.3 kb	 0.0% Assets/Resources/Sprites/Plants/WallNut/Cracked2/Wallnut_Cracked2_0010.png
 40.3 kb	 0.0% Assets/Resources/Sprites/Plants/SunFlower/Idle/SunFlower0009.png
 40.3 kb	 0.0% Assets/Resources/Sprites/Plants/SunFlower/Idle/SunFlower0008.png
 40.3 kb	 0.0% Assets/Resources/Sprites/Plants/PeaShooterSingle/PeaShooter_Idle/PeaShooterSingle0083.png
 40.3 kb	 0.0% Assets/Resources/Sprites/Plants/PeaShooterSingle/PeaShooter_Idle/PeaShooterSingle0081.png
 40.3 kb	 0.0% Assets/Resources/Sprites/Plants/PeaShooterSingle/PeaShooter_Attack/PeaShooterSingle0108.png
 40.3 kb	 0.0% Assets/Resources/Sprites/Plants/PeaShooterSingle/PeaShooter_Attack/PeaShooterSingle0106.png
 40.3 kb	 0.0% Assets/Resources/Sprites/Plants/PeaShooterSingle/PeaShooter_Idle/PeaShooterSingle0088.png
 40.3 kb	 0.0% Assets/Resources/Sprites/Plants/PeaShooterSingle.png
 40.3 kb	 0.0% Assets/Resources/Sprites/Plants/SunFlower/Idle/SunFlower0021.png
 40.3 kb	 0.0% Assets/Resources/Sprites/Plants/SunFlower/Idle/SunFlower0007.png
 40.3 kb	 0.0% Assets/Resources/Sprites/Plants/WallNut/Cracked2/Wallnut_Cracked2_0007.png
 40.3 kb	 0.0% Assets/Resources/Sprites/Plants/SunFlower/Idle/SunFlower0005.png
 40.3 kb	 0.0% Assets/Resources/Sprites/Plants/PeaShooterSingle/PeaShooter_Idle/PeaShooterSingle0100.png
 40.3 kb	 0.0% Assets/Resources/Sprites/Plants/PeaShooterSingle/PeaShooter_Attack/PeaShooterSingle0125.png
 40.3 kb	 0.0% Assets/Resources/Sprites/Plants/PeaShooterSingle/PeaShooter_Attack/PeaShooterSingle0112.png
 40.2 kb	 0.0% Assets/Resources/Sprites/Plants/PeaShooterSingle/PeaShooter_Attack/PeaShooterSingle0117.png
 40.2 kb	 0.0% Assets/Resources/Sprites/Plants/PeaShooterSingle/PeaShooter_Idle/PeaShooterSingle0094.png
 40.2 kb	 0.0% Assets/Resources/Sprites/Plants/PeaShooterSingle/PeaShooter_Attack/PeaShooterSingle0119.png
 40.2 kb	 0.0% Assets/Resources/Sprites/Plants/PeaShooterSingle/PeaShooter_Attack/PeaShooterSingle0114.png
 40.2 kb	 0.0% Assets/Resources/Sprites/Plants/SunFlower/Idle/SunFlower0011.png
 40.2 kb	 0.0% Assets/Resources/Sprites/Plants/PeaShooterSingle/PeaShooter_Idle/PeaShooterSingle0087.png
 40.2 kb	 0.0% Assets/Resources/Sprites/Plants/PeaShooterSingle/PeaShooter_Idle/PeaShooterSingle0084.png
 40.2 kb	 0.0% Assets/Resources/Sprites/Plants/PeaShooterSingle/PeaShooter_Attack/PeaShooterSingle0109.png
 40.2 kb	 0.0% Assets/Resources/Sprites/Plants/SunFlower/Idle/SunFlower0018.png
 40.2 kb	 0.0% Assets/Resources/Sprites/Plants/PeaShooterSingle/PeaShooter_Idle/PeaShooterSingle0093.png
 40.2 kb	 0.0% Assets/Resources/Sprites/Plants/PeaShooterSingle/PeaShooter_Idle/PeaShooterSingle0092.png
 40.2 kb	 0.0% Assets/Resources/Sprites/Plants/PeaShooterSingle/PeaShooter_Attack/PeaShooterSingle0116.png
 40.2 kb	 0.0% Assets/Resources/Sprites/Plants/SunFlower/Idle/SunFlower0020.png
 40.2 kb	 0.0% Assets/Resources/Sprites/Plants/WallNut/Cracked2/Wallnut_Cracked2_0015.png
 40.2 kb	 0.0% Assets/Resources/Sprites/Plants/SunFlower/Idle/SunFlower0010.png
 40.2 kb	 0.0% Assets/Resources/Sprites/Plants/PeaShooterSingle/PeaShooter_Idle/PeaShooterSingle0099.png
 40.2 kb	 0.0% Assets/Resources/Sprites/Plants/PeaShooterSingle/PeaShooter_Idle/PeaShooterSingle0096.png
 40.2 kb	 0.0% Assets/Resources/Sprites/Plants/PeaShooterSingle/PeaShooter_Attack/PeaShooterSingle0124.png
 40.2 kb	 0.0% Assets/Resources/Sprites/Plants/PeaShooterSingle/PeaShooter_Attack/PeaShooterSingle0121.png
 40.2 kb	 0.0% Assets/Resources/Sprites/Plants/SunFlower/Idle/SunFlower0014.png
 40.2 kb	 0.0% Assets/Resources/Sprites/Plants/PeaShooterSingle/PeaShooter_Idle/PeaShooterSingle0095.png
 40.2 kb	 0.0% Assets/Resources/Sprites/Plants/PeaShooterSingle/PeaShooter_Attack/PeaShooterSingle0120.png
 40.1 kb	 0.0% Assets/Resources/Sprites/Plants/WallNut/Cracked1/Wallnut_Cracked1_0002.png
 40.1 kb	 0.0% Assets/Resources/Sprites/Plants/SunFlower/Idle/SunFlower0025.png
 40.1 kb	 0.0% Assets/Resources/Sprites/Plants/SunFlower/Idle/SunFlower0015.png
 40.1 kb	 0.0% Assets/Resources/Sprites/Plants/WallNut/Cracked1/Wallnut_Cracked1_0012.png
 40.1 kb	 0.0% Assets/Resources/Sprites/Plants/PeaShooterSingle/PeaShooter_Attack/PeaShooterSingle0118.png
 40.1 kb	 0.0% Assets/Resources/Sprites/Plants/PeaShooterSingle/PeaShooter_Attack/PeaShooterSingle0115.png
 40.1 kb	 0.0% Assets/Resources/Sprites/Plants/PeaShooterSingle/PeaShooter_Idle/PeaShooterSingle0097.png
 40.1 kb	 0.0% Assets/Resources/Sprites/Plants/PeaShooterSingle/PeaShooter_Attack/PeaShooterSingle0122.png
 40.1 kb	 0.0% Assets/Resources/Sprites/Plants/SunFlower/Idle/SunFlower0013.png
 40.1 kb	 0.0% Assets/Resources/Sprites/Plants/SunFlower/Idle/SunFlower0024.png
 40.1 kb	 0.0% Assets/Resources/Sprites/Plants/SunFlower/Idle/SunFlower0012.png
 40.1 kb	 0.0% Assets/Resources/Sprites/Plants/SunFlower/Idle/SunFlower0002.png
 40.1 kb	 0.0% Assets/Resources/Sprites/Plants/SunFlower/Idle/SunFlower0001.png
 40.1 kb	 0.0% Assets/Resources/Sprites/Plants/WallNut/Body/Wallnut_Body_0016.png
 40.1 kb	 0.0% Assets/Resources/Sprites/Plants/WallNut/Cracked1/Wallnut_Cracked1_0013.png
 40.1 kb	 0.0% Assets/Resources/Sprites/Plants/WallNut/Cracked1/Wallnut_Cracked1_0008.png
 40.1 kb	 0.0% Assets/Resources/Sprites/Plants/WallNut/Body/Wallnut_Body_0005.png
 40.1 kb	 0.0% Assets/Resources/Sprites/Plants/WallNut/Body/Wallnut_Body_0012.png
 40.1 kb	 0.0% Assets/Resources/Sprites/Plants/WallNut/Body/Wallnut_Body_0001.png
 40.1 kb	 0.0% Assets/Resources/Sprites/Plants/WallNut/Cracked1/Wallnut_Cracked1_0003.png
 40.1 kb	 0.0% Assets/Resources/Sprites/Plants/WallNut/Body/Wallnut_Body_0013.png
 40.1 kb	 0.0% Assets/Resources/Sprites/Plants/WallNut/Cracked1/Wallnut_Cracked1_0017.png
 40.1 kb	 0.0% Assets/Resources/Sprites/Plants/WallNut/Cracked1/Wallnut_Cracked1_0006.png
 40.1 kb	 0.0% Assets/Resources/Sprites/Plants/WallNut/Body/Wallnut_Body_0002.png
 40.1 kb	 0.0% Assets/Resources/Sprites/Plants/WallNut/Body/Wallnut_Body_0006.png
 40.1 kb	 0.0% Assets/Resources/Sprites/Plants/WallNut/Cracked1/Wallnut_Cracked1_0009.png
 40.1 kb	 0.0% Assets/Resources/Sprites/Plants/WallNut.png
 40.1 kb	 0.0% Assets/Resources/Sprites/Plants/WallNut/Body/Wallnut_Body_0017.png
 40.1 kb	 0.0% Assets/Resources/Sprites/Plants/WallNut/Body/Wallnut_Body_0008.png
 40.1 kb	 0.0% Assets/Resources/Sprites/Plants/WallNut/Cracked1/Wallnut_Cracked1_0005.png
 40.0 kb	 0.0% Assets/Resources/Sprites/Plants/WallNut/Cracked1/Wallnut_Cracked1_0001.png
 40.0 kb	 0.0% Assets/Resources/Sprites/Plants/WallNut/Cracked1/Wallnut_Cracked1_0015.png
 40.0 kb	 0.0% Assets/Resources/Sprites/Plants/WallNut/Cracked1/Wallnut_Cracked1_0007.png
 40.0 kb	 0.0% Assets/Resources/Sprites/Plants/WallNut/Cracked1/Wallnut_Cracked1_0016.png
 40.0 kb	 0.0% Assets/Resources/Sprites/Plants/WallNut/Body/Wallnut_Body_0004.png
 40.0 kb	 0.0% Assets/Resources/Sprites/Plants/WallNut/Cracked1/Wallnut_Cracked1_0010.png
 40.0 kb	 0.0% Assets/Resources/Sprites/Plants/WallNut/Body/Wallnut_Body_0015.png
 40.0 kb	 0.0% Assets/Resources/Sprites/Plants/WallNut/Cracked1/Wallnut_Cracked1_0004.png
 40.0 kb	 0.0% Assets/Resources/Sprites/Plants/WallNut/Body/Wallnut_Body_0011.png
 40.0 kb	 0.0% Assets/Resources/Sprites/Plants/WallNut/Cracked1/Wallnut_Cracked1_0014.png
 40.0 kb	 0.0% Assets/Resources/Sprites/Plants/WallNut/Body/Wallnut_Body_0014.png
 40.0 kb	 0.0% Assets/Resources/Sprites/Plants/WallNut/Body/Wallnut_Body_0010.png
 40.0 kb	 0.0% Assets/Resources/Sprites/Plants/WallNut/Body/Wallnut_Body_0003.png
 40.0 kb	 0.0% Assets/Resources/Sprites/Plants/WallNut/Cracked1/Wallnut_Cracked1_0011.png
 40.0 kb	 0.0% Assets/Resources/Sprites/Plants/WallNut/Body/Wallnut_Body_0009.png
 40.0 kb	 0.0% Assets/Resources/Sprites/Plants/WallNut/Body/Wallnut_Body_0007.png
 39.7 kb	 0.0% Assets/Resources/Sprites/UI/Caption/HugeWave.png
 39.4 kb	 0.0% Assets/Resources/Prefabs/PlantingManagement/PlantingManagement_OriginalLawn.prefab
 39.4 kb	 0.0% Assets/Resources/Prefabs/PlantingManagement/PlantingManagement_Wall.prefab
 39.4 kb	 0.0% Assets/Resources/Prefabs/PlantingManagement/PlantingManagement_Ice.prefab
 36.6 kb	 0.0% Assets/Resources/Sprites/Imported/MarbleXu/Plants/CherryBomb/CherryBomb_3.png
 36.6 kb	 0.0% Assets/Resources/Sprites/Imported/MarbleXu/Plants/PotatoMine/PotatoMineExplode/PotatoMineExplode_0.png
 36.5 kb	 0.0% Assets/Resources/Sprites/Imported/MarbleXu/Plants/CherryBomb/CherryBomb_1.png
 36.4 kb	 0.0% Assets/Resources/Sprites/Imported/MarbleXu/Plants/CherryBomb/CherryBomb_4.png
 36.4 kb	 0.0% Assets/Resources/Sprites/Imported/MarbleXu/Plants/CherryBomb/CherryBomb_6.png
 36.4 kb	 0.0% Assets/Resources/Sprites/Imported/MarbleXu/Plants/CherryBomb/CherryBomb_0.png
 36.3 kb	 0.0% Assets/Resources/Sprites/Imported/MarbleXu/Plants/CherryBomb/CherryBomb_5.png
 36.3 kb	 0.0% Assets/Resources/Sprites/Imported/MarbleXu/Plants/CherryBomb/CherryBomb_2.png
 36.1 kb	 0.0% Assets/Resources/Sprites/UI/PauseMenu/button_normal.png
 36.1 kb	 0.0% Assets/Resources/Sprites/UI/PauseMenu/button_highlight.png
 33.6 kb	 0.0% Assets/Resources/Sounds/Zombies/chomp1.ogg
 32.2 kb	 0.0% Assets/Resources/Sounds/Zombies/chomp_yeti.ogg
 32.0 kb	 0.0% Assets/Resources/Sounds/Zombies/IceCrack.mp3
 31.4 kb	 0.0% Assets/Resources/Sounds/Zombies/GhostAppear.wav
 27.7 kb	 0.0% Assets/Resources/Sprites/PlantBullet/LeafKnife/KnifeKill.png
 26.2 kb	 0.0% Assets/Resources/Sprites/UI/Menu/PlantButton_Highlight.png
 26.2 kb	 0.0% Assets/Resources/Sprites/UI/Menu/PlantButton_Pressed.png
 26.2 kb	 0.0% Assets/Resources/Sprites/UI/Menu/PlantButton_Normal.png
 26.0 kb	 0.0% Assets/Resources/Sounds/Zombies/yetiroar.ogg
 25.4 kb	 0.0% Assets/Resources/Sounds/UI/Caption/StartSet.ogg
 24.6 kb	 0.0% Assets/Resources/Sounds/UI/Caption/StartReady.ogg
 24.0 kb	 0.0% Assets/Resources/Sprites/Imported/MarbleXu/Plants/Threepeater/Threepeater_3.png
 24.0 kb	 0.0% Assets/Resources/Sprites/Imported/MarbleXu/Plants/Threepeater/Threepeater_9.png
 23.8 kb	 0.0% Assets/Resources/Sprites/Imported/MarbleXu/Plants/Threepeater/Threepeater_2.png
 23.8 kb	 0.0% Assets/Resources/Sprites/Imported/MarbleXu/Plants/Threepeater/Threepeater_11.png
 23.8 kb	 0.0% Assets/Resources/Sprites/Imported/MarbleXu/Plants/Threepeater/Threepeater_1.png
 23.8 kb	 0.0% Assets/Resources/Sprites/Imported/MarbleXu/Plants/Threepeater/Threepeater_0.png
 23.8 kb	 0.0% Assets/Resources/Sprites/Imported/MarbleXu/Plants/Threepeater/Threepeater_6.png
 23.8 kb	 0.0% Assets/Resources/Sprites/Imported/MarbleXu/Plants/Threepeater/Threepeater_8.png
 23.8 kb	 0.0% Assets/Resources/Sprites/Imported/MarbleXu/Plants/Threepeater/Threepeater_10.png
 23.7 kb	 0.0% Assets/Resources/Sprites/Imported/MarbleXu/Plants/Threepeater/Threepeater_4.png
 23.7 kb	 0.0% Assets/Resources/Sprites/Imported/MarbleXu/Plants/Threepeater/Threepeater_14.png
 23.7 kb	 0.0% Assets/Resources/Sprites/Imported/MarbleXu/Plants/Threepeater/Threepeater_15.png
 23.7 kb	 0.0% Assets/Resources/Sprites/Imported/MarbleXu/Plants/Threepeater/Threepeater_7.png
 23.7 kb	 0.0% Assets/Resources/Sprites/Imported/MarbleXu/Plants/Threepeater/Threepeater_12.png
 23.7 kb	 0.0% Assets/Resources/Sprites/Imported/MarbleXu/Plants/Threepeater/Threepeater_13.png
 23.6 kb	 0.0% Assets/Resources/Sprites/Imported/MarbleXu/Plants/Threepeater/Threepeater_5.png
 22.2 kb	 0.0% Assets/Resources/Sounds/Plants/SquashFall.ogg
 22.2 kb	 0.0% Assets/Resources/Sounds/Zombies/GargantuarArena/thump.ogg
 22.0 kb	 0.0% Assets/Resources/Sounds/Zombies/GargantuarArena/death.ogg
 21.2 kb	 0.0% Assets/Resources/Sounds/Zombies/skip.mp3
 21.2 kb	 0.0% Assets/Resources/Sprites/Imported/MarbleXu/Plants/RepeaterPea/RepeaterPea_2.png
 21.2 kb	 0.0% Assets/Resources/Sprites/Imported/MarbleXu/Plants/RepeaterPea/RepeaterPea_8.png
 21.1 kb	 0.0% Assets/Resources/Sprites/Imported/MarbleXu/Plants/RepeaterPea/RepeaterPea_14.png
 21.1 kb	 0.0% Assets/Resources/Sprites/Imported/MarbleXu/Plants/RepeaterPea/RepeaterPea_3.png
 21.1 kb	 0.0% Assets/Resources/Sprites/Imported/MarbleXu/Plants/RepeaterPea/RepeaterPea_7.png
 21.1 kb	 0.0% Assets/Resources/Sprites/Imported/MarbleXu/Plants/RepeaterPea/RepeaterPea_9.png
 21.1 kb	 0.0% Assets/Resources/Sprites/Imported/MarbleXu/Plants/RepeaterPea/RepeaterPea_13.png
 21.1 kb	 0.0% Assets/Resources/Sprites/Imported/MarbleXu/Plants/RepeaterPea/RepeaterPea_1.png
 21.1 kb	 0.0% Assets/Resources/Sprites/Imported/MarbleXu/Plants/RepeaterPea/RepeaterPea_10.png
 21.1 kb	 0.0% Assets/Resources/Sprites/Imported/MarbleXu/Plants/RepeaterPea/RepeaterPea_12.png
 21.1 kb	 0.0% Assets/Resources/Sprites/Imported/MarbleXu/Plants/RepeaterPea/RepeaterPea_11.png
 21.0 kb	 0.0% Assets/Resources/Sprites/Imported/MarbleXu/Plants/RepeaterPea/RepeaterPea_5.png
 21.0 kb	 0.0% Assets/Resources/Sprites/Imported/MarbleXu/Plants/RepeaterPea/RepeaterPea_6.png
 21.0 kb	 0.0% Assets/Resources/Sprites/Imported/MarbleXu/Plants/RepeaterPea/RepeaterPea_4.png
 21.0 kb	 0.0% Assets/Resources/Sprites/Imported/MarbleXu/Plants/RepeaterPea/RepeaterPea_0.png
 20.7 kb	 0.0% Assets/Resources/Sprites/Imported/MarbleXu/Plants/SnowPea/SnowPea_3.png
 20.6 kb	 0.0% Assets/Resources/Sprites/Imported/MarbleXu/Plants/SnowPea/SnowPea_2.png
 20.6 kb	 0.0% Assets/Resources/Sprites/Imported/MarbleXu/Plants/SnowPea/SnowPea_8.png
 20.6 kb	 0.0% Assets/Resources/Sprites/Imported/MarbleXu/Plants/SnowPea/SnowPea_0.png
 20.5 kb	 0.0% Assets/Resources/Sprites/Imported/MarbleXu/Plants/SnowPea/SnowPea_1.png
 20.5 kb	 0.0% Assets/Resources/Sprites/Imported/MarbleXu/Plants/SnowPea/SnowPea_7.png
 20.5 kb	 0.0% Assets/Resources/Sprites/Imported/MarbleXu/Plants/SnowPea/SnowPea_10.png
 20.5 kb	 0.0% Assets/Resources/Sprites/Imported/MarbleXu/Plants/SnowPea/SnowPea_6.png
 20.5 kb	 0.0% Assets/Resources/Sprites/Imported/MarbleXu/Plants/SnowPea/SnowPea_5.png
 20.5 kb	 0.0% Assets/Resources/Sprites/Imported/MarbleXu/Plants/SnowPea/SnowPea_14.png
 20.5 kb	 0.0% Assets/Resources/Sprites/Imported/MarbleXu/Plants/SnowPea/SnowPea_4.png
 20.5 kb	 0.0% Assets/Resources/Sprites/Imported/MarbleXu/Plants/SnowPea/SnowPea_13.png
 20.5 kb	 0.0% Assets/Resources/Sprites/Imported/MarbleXu/Plants/SnowPea/SnowPea_9.png
 20.5 kb	 0.0% Assets/Resources/Sprites/Imported/MarbleXu/Plants/SnowPea/SnowPea_12.png
 20.4 kb	 0.0% Assets/Resources/Sprites/Imported/MarbleXu/Plants/SnowPea/SnowPea_11.png
 20.3 kb	 0.0% Assets/Resources/Sprites/UI/ShovelBank.png
 19.7 kb	 0.0% Assets/Resources/Sounds/CrazyDave/CrazyDave_Crazy.ogg
 18.9 kb	 0.0% Assets/Resources/Sprites/Imported/MarbleXu/Plants/IceShroom/IceShroomSleep/IceShroomSleep_11.png
 18.9 kb	 0.0% Assets/Resources/Sprites/Imported/MarbleXu/Plants/IceShroom/IceShroomSleep/IceShroomSleep_10.png
 18.9 kb	 0.0% Assets/Resources/Sprites/Imported/MarbleXu/Plants/IceShroom/IceShroomSleep/IceShroomSleep_9.png
 18.9 kb	 0.0% Assets/Resources/Sprites/Imported/MarbleXu/Plants/IceShroom/IceShroomSleep/IceShroomSleep_8.png
 18.9 kb	 0.0% Assets/Resources/Sprites/Imported/MarbleXu/Plants/IceShroom/IceShroomSleep/IceShroomSleep_7.png
 18.9 kb	 0.0% Assets/Resources/Sprites/Imported/MarbleXu/Plants/IceShroom/IceShroomSleep/IceShroomSleep_6.png
 18.9 kb	 0.0% Assets/Resources/Sprites/Imported/MarbleXu/Plants/IceShroom/IceShroomSleep/IceShroomSleep_5.png
 18.9 kb	 0.0% Assets/Resources/Sprites/Imported/MarbleXu/Plants/IceShroom/IceShroomSleep/IceShroomSleep_4.png
 18.9 kb	 0.0% Assets/Resources/Sprites/Imported/MarbleXu/Plants/IceShroom/IceShroomSleep/IceShroomSleep_3.png
 18.9 kb	 0.0% Assets/Resources/Sprites/Imported/MarbleXu/Plants/IceShroom/IceShroomSleep/IceShroomSleep_2.png
 18.9 kb	 0.0% Assets/Resources/Sprites/Imported/MarbleXu/Plants/IceShroom/IceShroomSleep/IceShroomSleep_1.png
 18.9 kb	 0.0% Assets/Resources/Sprites/Imported/MarbleXu/Plants/IceShroom/IceShroomSleep/IceShroomSleep_0.png
 18.9 kb	 0.0% Assets/Resources/Sprites/Imported/MarbleXu/Plants/IceShroom/IceShroom/IceShroom_9.png
 18.9 kb	 0.0% Assets/Resources/Sprites/Imported/MarbleXu/Plants/IceShroom/IceShroom/IceShroom_8.png
 18.9 kb	 0.0% Assets/Resources/Sprites/Imported/MarbleXu/Plants/IceShroom/IceShroom/IceShroom_7.png
 18.9 kb	 0.0% Assets/Resources/Sprites/Imported/MarbleXu/Plants/IceShroom/IceShroom/IceShroom_6.png
 18.9 kb	 0.0% Assets/Resources/Sprites/Imported/MarbleXu/Plants/IceShroom/IceShroom/IceShroom_5.png
 18.9 kb	 0.0% Assets/Resources/Sprites/Imported/MarbleXu/Plants/IceShroom/IceShroom/IceShroom_4.png
 18.9 kb	 0.0% Assets/Resources/Sprites/Imported/MarbleXu/Plants/IceShroom/IceShroom/IceShroom_3.png
 18.9 kb	 0.0% Assets/Resources/Sprites/Imported/MarbleXu/Plants/IceShroom/IceShroom/IceShroom_2.png
 18.9 kb	 0.0% Assets/Resources/Sprites/Imported/MarbleXu/Plants/IceShroom/IceShroom/IceShroom_10.png
 18.9 kb	 0.0% Assets/Resources/Sprites/Imported/MarbleXu/Plants/IceShroom/IceShroom/IceShroom_1.png
 18.9 kb	 0.0% Assets/Resources/Sprites/Imported/MarbleXu/Plants/IceShroom/IceShroom/IceShroom_0.png
 18.5 kb	 0.0% Assets/Resources/Sprites/UI/FlagMeter.png
 18.3 kb	 0.0% Assets/Resources/Sprites/Imported/MarbleXu/Plants/Jalapeno/Jalapeno/Jalapeno_7.png
 18.3 kb	 0.0% Assets/Resources/Sprites/Imported/MarbleXu/Plants/Jalapeno/Jalapeno/Jalapeno_6.png
 18.3 kb	 0.0% Assets/Resources/Sprites/Imported/MarbleXu/Plants/Jalapeno/Jalapeno/Jalapeno_5.png
 18.3 kb	 0.0% Assets/Resources/Sprites/Imported/MarbleXu/Plants/Jalapeno/Jalapeno/Jalapeno_4.png
 18.3 kb	 0.0% Assets/Resources/Sprites/Imported/MarbleXu/Plants/Jalapeno/Jalapeno/Jalapeno_3.png
 18.3 kb	 0.0% Assets/Resources/Sprites/Imported/MarbleXu/Plants/Jalapeno/Jalapeno/Jalapeno_2.png
 18.3 kb	 0.0% Assets/Resources/Sprites/Imported/MarbleXu/Plants/Jalapeno/Jalapeno/Jalapeno_1.png
 18.3 kb	 0.0% Assets/Resources/Sprites/Imported/MarbleXu/Plants/Jalapeno/Jalapeno/Jalapeno_0.png
 18.0 kb	 0.0% Assets/Resources/Sounds/Zombies/bodyhit1.ogg
 17.9 kb	 0.0% Assets/Resources/Sprites/Imported/MarbleXu/Zombies/NewspaperZombie/NewspaperZombieNoPaperAttack/NewspaperZombieNoPaperAttack_6.png
 17.9 kb	 0.0% Assets/Resources/Sprites/Imported/MarbleXu/Zombies/NewspaperZombie/NewspaperZombieNoPaperAttack/NewspaperZombieNoPaperAttack_5.png
 17.9 kb	 0.0% Assets/Resources/Sprites/Imported/MarbleXu/Zombies/NewspaperZombie/NewspaperZombieNoPaperAttack/NewspaperZombieNoPaperAttack_4.png
 17.9 kb	 0.0% Assets/Resources/Sprites/Imported/MarbleXu/Zombies/NewspaperZombie/NewspaperZombieNoPaperAttack/NewspaperZombieNoPaperAttack_3.png
 17.9 kb	 0.0% Assets/Resources/Sprites/Imported/MarbleXu/Zombies/NewspaperZombie/NewspaperZombieNoPaperAttack/NewspaperZombieNoPaperAttack_2.png
 17.9 kb	 0.0% Assets/Resources/Sprites/Imported/MarbleXu/Zombies/NewspaperZombie/NewspaperZombieNoPaperAttack/NewspaperZombieNoPaperAttack_1.png
 17.9 kb	 0.0% Assets/Resources/Sprites/Imported/MarbleXu/Zombies/NewspaperZombie/NewspaperZombieNoPaperAttack/NewspaperZombieNoPaperAttack_0.png
 17.9 kb	 0.0% Assets/Resources/Sprites/Imported/MarbleXu/Zombies/NewspaperZombie/NewspaperZombieLostHeadAttack/NewspaperZombieLostHeadAttack_6.png
 17.9 kb	 0.0% Assets/Resources/Sprites/Imported/MarbleXu/Zombies/NewspaperZombie/NewspaperZombieLostHeadAttack/NewspaperZombieLostHeadAttack_5.png
 17.9 kb	 0.0% Assets/Resources/Sprites/Imported/MarbleXu/Zombies/NewspaperZombie/NewspaperZombieLostHeadAttack/NewspaperZombieLostHeadAttack_4.png
 17.9 kb	 0.0% Assets/Resources/Sprites/Imported/MarbleXu/Zombies/NewspaperZombie/NewspaperZombieLostHeadAttack/NewspaperZombieLostHeadAttack_3.png
 17.9 kb	 0.0% Assets/Resources/Sprites/Imported/MarbleXu/Zombies/NewspaperZombie/NewspaperZombieLostHeadAttack/NewspaperZombieLostHeadAttack_2.png
 17.9 kb	 0.0% Assets/Resources/Sprites/Imported/MarbleXu/Zombies/NewspaperZombie/NewspaperZombieLostHeadAttack/NewspaperZombieLostHeadAttack_1.png
 17.9 kb	 0.0% Assets/Resources/Sprites/Imported/MarbleXu/Zombies/NewspaperZombie/NewspaperZombieLostHeadAttack/NewspaperZombieLostHeadAttack_0.png
 17.9 kb	 0.0% Assets/Resources/Sprites/Imported/MarbleXu/Zombies/NewspaperZombie/NewspaperZombieNoPaper/NewspaperZombieNoPaper_13.png
 17.9 kb	 0.0% Assets/Resources/Sprites/Imported/MarbleXu/Zombies/NewspaperZombie/NewspaperZombieNoPaper/NewspaperZombieNoPaper_12.png
 17.9 kb	 0.0% Assets/Resources/Sprites/Imported/MarbleXu/Zombies/NewspaperZombie/NewspaperZombieNoPaper/NewspaperZombieNoPaper_11.png
 17.9 kb	 0.0% Assets/Resources/Sprites/Imported/MarbleXu/Zombies/NewspaperZombie/NewspaperZombieNoPaper/NewspaperZombieNoPaper_10.png
 17.9 kb	 0.0% Assets/Resources/Sprites/Imported/MarbleXu/Zombies/NewspaperZombie/NewspaperZombieLostHead/NewspaperZombieLostHead_9.png
 17.9 kb	 0.0% Assets/Resources/Sprites/Imported/MarbleXu/Zombies/NewspaperZombie/NewspaperZombieLostHead/NewspaperZombieLostHead_8.png
 17.9 kb	 0.0% Assets/Resources/Sprites/Imported/MarbleXu/Zombies/NewspaperZombie/NewspaperZombieLostHead/NewspaperZombieLostHead_7.png
 17.9 kb	 0.0% Assets/Resources/Sprites/Imported/MarbleXu/Zombies/NewspaperZombie/NewspaperZombieLostHead/NewspaperZombieLostHead_6.png
 17.9 kb	 0.0% Assets/Resources/Sprites/Imported/MarbleXu/Zombies/NewspaperZombie/NewspaperZombieLostHead/NewspaperZombieLostHead_5.png
 17.9 kb	 0.0% Assets/Resources/Sprites/Imported/MarbleXu/Zombies/NewspaperZombie/NewspaperZombieLostHead/NewspaperZombieLostHead_4.png
 17.9 kb	 0.0% Assets/Resources/Sprites/Imported/MarbleXu/Zombies/NewspaperZombie/NewspaperZombieLostHead/NewspaperZombieLostHead_3.png
 17.9 kb	 0.0% Assets/Resources/Sprites/Imported/MarbleXu/Zombies/NewspaperZombie/NewspaperZombieLostHead/NewspaperZombieLostHead_2.png
 17.9 kb	 0.0% Assets/Resources/Sprites/Imported/MarbleXu/Zombies/NewspaperZombie/NewspaperZombieLostHead/NewspaperZombieLostHead_15.png
 17.9 kb	 0.0% Assets/Resources/Sprites/Imported/MarbleXu/Zombies/NewspaperZombie/NewspaperZombieLostHead/NewspaperZombieLostHead_14.png
 17.9 kb	 0.0% Assets/Resources/Sprites/Imported/MarbleXu/Zombies/NewspaperZombie/NewspaperZombieLostHead/NewspaperZombieLostHead_13.png
 17.9 kb	 0.0% Assets/Resources/Sprites/Imported/MarbleXu/Zombies/NewspaperZombie/NewspaperZombieLostHead/NewspaperZombieLostHead_12.png
 17.9 kb	 0.0% Assets/Resources/Sprites/Imported/MarbleXu/Zombies/NewspaperZombie/NewspaperZombieLostHead/NewspaperZombieLostHead_11.png
 17.9 kb	 0.0% Assets/Resources/Sprites/Imported/MarbleXu/Zombies/NewspaperZombie/NewspaperZombieLostHead/NewspaperZombieLostHead_10.png
 17.9 kb	 0.0% Assets/Resources/Sprites/Imported/MarbleXu/Zombies/NewspaperZombie/NewspaperZombieLostHead/NewspaperZombieLostHead_1.png
 17.9 kb	 0.0% Assets/Resources/Sprites/Imported/MarbleXu/Zombies/NewspaperZombie/NewspaperZombieLostHead/NewspaperZombieLostHead_0.png
 17.9 kb	 0.0% Assets/Resources/Sprites/Imported/MarbleXu/Zombies/NewspaperZombie/NewspaperZombieNoPaper/NewspaperZombieNoPaper_9.png
 17.9 kb	 0.0% Assets/Resources/Sprites/Imported/MarbleXu/Zombies/NewspaperZombie/NewspaperZombieNoPaper/NewspaperZombieNoPaper_8.png
 17.9 kb	 0.0% Assets/Resources/Sprites/Imported/MarbleXu/Zombies/NewspaperZombie/NewspaperZombieNoPaper/NewspaperZombieNoPaper_7.png
 17.9 kb	 0.0% Assets/Resources/Sprites/Imported/MarbleXu/Zombies/NewspaperZombie/NewspaperZombieNoPaper/NewspaperZombieNoPaper_6.png
 17.9 kb	 0.0% Assets/Resources/Sprites/Imported/MarbleXu/Zombies/NewspaperZombie/NewspaperZombieNoPaper/NewspaperZombieNoPaper_5.png
 17.9 kb	 0.0% Assets/Resources/Sprites/Imported/MarbleXu/Zombies/NewspaperZombie/NewspaperZombieNoPaper/NewspaperZombieNoPaper_4.png
 17.9 kb	 0.0% Assets/Resources/Sprites/Imported/MarbleXu/Zombies/NewspaperZombie/NewspaperZombieNoPaper/NewspaperZombieNoPaper_3.png
 17.9 kb	 0.0% Assets/Resources/Sprites/Imported/MarbleXu/Zombies/NewspaperZombie/NewspaperZombieNoPaper/NewspaperZombieNoPaper_2.png
 17.9 kb	 0.0% Assets/Resources/Sprites/Imported/MarbleXu/Zombies/NewspaperZombie/NewspaperZombieNoPaper/NewspaperZombieNoPaper_1.png
 17.9 kb	 0.0% Assets/Resources/Sprites/Imported/MarbleXu/Zombies/NewspaperZombie/NewspaperZombieNoPaper/NewspaperZombieNoPaper_0.png
 17.9 kb	 0.0% Assets/Resources/Sprites/Imported/MarbleXu/Zombies/NewspaperZombie/NewspaperZombieDie/NewspaperZombieDie_10.png
 17.9 kb	 0.0% Assets/Resources/Sprites/Imported/MarbleXu/Zombies/NewspaperZombie/NewspaperZombieAttack/NewspaperZombieAttack_7.png
 17.9 kb	 0.0% Assets/Resources/Sprites/Imported/MarbleXu/Zombies/NewspaperZombie/NewspaperZombieAttack/NewspaperZombieAttack_6.png
 17.9 kb	 0.0% Assets/Resources/Sprites/Imported/MarbleXu/Zombies/NewspaperZombie/NewspaperZombieAttack/NewspaperZombieAttack_5.png
 17.9 kb	 0.0% Assets/Resources/Sprites/Imported/MarbleXu/Zombies/NewspaperZombie/NewspaperZombieAttack/NewspaperZombieAttack_4.png
 17.9 kb	 0.0% Assets/Resources/Sprites/Imported/MarbleXu/Zombies/NewspaperZombie/NewspaperZombieAttack/NewspaperZombieAttack_3.png
 17.9 kb	 0.0% Assets/Resources/Sprites/Imported/MarbleXu/Zombies/NewspaperZombie/NewspaperZombieAttack/NewspaperZombieAttack_2.png
 17.9 kb	 0.0% Assets/Resources/Sprites/Imported/MarbleXu/Zombies/NewspaperZombie/NewspaperZombieAttack/NewspaperZombieAttack_1.png
 17.9 kb	 0.0% Assets/Resources/Sprites/Imported/MarbleXu/Zombies/NewspaperZombie/NewspaperZombieAttack/NewspaperZombieAttack_0.png
 17.9 kb	 0.0% Assets/Resources/Sprites/Imported/MarbleXu/Zombies/NewspaperZombie/NewspaperZombieDie/NewspaperZombieDie_9.png
 17.9 kb	 0.0% Assets/Resources/Sprites/Imported/MarbleXu/Zombies/NewspaperZombie/NewspaperZombieDie/NewspaperZombieDie_8.png
 17.9 kb	 0.0% Assets/Resources/Sprites/Imported/MarbleXu/Zombies/NewspaperZombie/NewspaperZombieDie/NewspaperZombieDie_7.png
 17.9 kb	 0.0% Assets/Resources/Sprites/Imported/MarbleXu/Zombies/NewspaperZombie/NewspaperZombieDie/NewspaperZombieDie_6.png
 17.9 kb	 0.0% Assets/Resources/Sprites/Imported/MarbleXu/Zombies/NewspaperZombie/NewspaperZombieDie/NewspaperZombieDie_5.png
 17.9 kb	 0.0% Assets/Resources/Sprites/Imported/MarbleXu/Zombies/NewspaperZombie/NewspaperZombieDie/NewspaperZombieDie_4.png
 17.9 kb	 0.0% Assets/Resources/Sprites/Imported/MarbleXu/Zombies/NewspaperZombie/NewspaperZombieDie/NewspaperZombieDie_3.png
 17.9 kb	 0.0% Assets/Resources/Sprites/Imported/MarbleXu/Zombies/NewspaperZombie/NewspaperZombieDie/NewspaperZombieDie_2.png
 17.9 kb	 0.0% Assets/Resources/Sprites/Imported/MarbleXu/Zombies/NewspaperZombie/NewspaperZombieDie/NewspaperZombieDie_1.png
 17.9 kb	 0.0% Assets/Resources/Sprites/Imported/MarbleXu/Zombies/NewspaperZombie/NewspaperZombieDie/NewspaperZombieDie_0.png
 17.9 kb	 0.0% Assets/Resources/Sprites/Imported/MarbleXu/Zombies/NewspaperZombie/NewspaperZombie/NewspaperZombie_9.png
 17.9 kb	 0.0% Assets/Resources/Sprites/Imported/MarbleXu/Zombies/NewspaperZombie/NewspaperZombie/NewspaperZombie_8.png
 17.9 kb	 0.0% Assets/Resources/Sprites/Imported/MarbleXu/Zombies/NewspaperZombie/NewspaperZombie/NewspaperZombie_7.png
 17.9 kb	 0.0% Assets/Resources/Sprites/Imported/MarbleXu/Zombies/NewspaperZombie/NewspaperZombie/NewspaperZombie_6.png
 17.9 kb	 0.0% Assets/Resources/Sprites/Imported/MarbleXu/Zombies/NewspaperZombie/NewspaperZombie/NewspaperZombie_5.png
 17.9 kb	 0.0% Assets/Resources/Sprites/Imported/MarbleXu/Zombies/NewspaperZombie/NewspaperZombie/NewspaperZombie_4.png
 17.9 kb	 0.0% Assets/Resources/Sprites/Imported/MarbleXu/Zombies/NewspaperZombie/NewspaperZombie/NewspaperZombie_3.png
 17.9 kb	 0.0% Assets/Resources/Sprites/Imported/MarbleXu/Zombies/NewspaperZombie/NewspaperZombie/NewspaperZombie_2.png
 17.9 kb	 0.0% Assets/Resources/Sprites/Imported/MarbleXu/Zombies/NewspaperZombie/NewspaperZombie/NewspaperZombie_18.png
 17.9 kb	 0.0% Assets/Resources/Sprites/Imported/MarbleXu/Zombies/NewspaperZombie/NewspaperZombie/NewspaperZombie_17.png
 17.9 kb	 0.0% Assets/Resources/Sprites/Imported/MarbleXu/Zombies/NewspaperZombie/NewspaperZombie/NewspaperZombie_16.png
 17.9 kb	 0.0% Assets/Resources/Sprites/Imported/MarbleXu/Zombies/NewspaperZombie/NewspaperZombie/NewspaperZombie_15.png
 17.9 kb	 0.0% Assets/Resources/Sprites/Imported/MarbleXu/Zombies/NewspaperZombie/NewspaperZombie/NewspaperZombie_14.png
 17.9 kb	 0.0% Assets/Resources/Sprites/Imported/MarbleXu/Zombies/NewspaperZombie/NewspaperZombie/NewspaperZombie_13.png
 17.9 kb	 0.0% Assets/Resources/Sprites/Imported/MarbleXu/Zombies/NewspaperZombie/NewspaperZombie/NewspaperZombie_12.png
 17.9 kb	 0.0% Assets/Resources/Sprites/Imported/MarbleXu/Zombies/NewspaperZombie/NewspaperZombie/NewspaperZombie_11.png
 17.9 kb	 0.0% Assets/Resources/Sprites/Imported/MarbleXu/Zombies/NewspaperZombie/NewspaperZombie/NewspaperZombie_10.png
 17.9 kb	 0.0% Assets/Resources/Sprites/Imported/MarbleXu/Zombies/NewspaperZombie/NewspaperZombie/NewspaperZombie_1.png
 17.9 kb	 0.0% Assets/Resources/Sprites/Imported/MarbleXu/Zombies/NewspaperZombie/NewspaperZombie/NewspaperZombie_0.png
 17.5 kb	 0.0% Assets/Resources/Sprites/Imported/MarbleXu/Cards/card_snowpea_move.png
 17.5 kb	 0.0% Assets/Resources/Sprites/Imported/MarbleXu/Cards/card_cherrybomb_move.png
 17.5 kb	 0.0% Assets/Resources/Sounds/CrazyDave/CrazyDave_Talk1.ogg
 17.5 kb	 0.0% Assets/Resources/Sprites/Imported/MarbleXu/Cards/card_cherrybomb.png
 17.5 kb	 0.0% Assets/Resources/Sprites/Imported/MarbleXu/Cards/card_snowpea.png
 17.3 kb	 0.0% Assets/Resources/Sprites/Imported/MarbleXu/Cards/card_repeaterpea_move.png
 17.3 kb	 0.0% Assets/Resources/Sprites/Imported/MarbleXu/Cards/card_threepeashooter.png
 17.3 kb	 0.0% Assets/Resources/Sprites/Imported/MarbleXu/Cards/card_scaredyshroom.png
 17.3 kb	 0.0% Assets/Resources/Sprites/Imported/MarbleXu/Cards/card_potatomine_move.png
 17.3 kb	 0.0% Assets/Resources/Sprites/Imported/MarbleXu/Cards/card_chomper_move.png
 17.3 kb	 0.0% Assets/Resources/Sprites/Imported/MarbleXu/Cards/card_sunshroom.png
 17.3 kb	 0.0% Assets/Resources/Sprites/Imported/MarbleXu/Cards/card_spikeweed.png
 17.3 kb	 0.0% Assets/Resources/Sprites/Imported/MarbleXu/Cards/card_repeaterpea.png
 17.3 kb	 0.0% Assets/Resources/Sprites/Imported/MarbleXu/Cards/card_puffshroom.png
 17.3 kb	 0.0% Assets/Resources/Sprites/Imported/MarbleXu/Cards/card_potatomine.png
 17.3 kb	 0.0% Assets/Resources/Sprites/Imported/MarbleXu/Cards/card_jalapeno.png
 17.3 kb	 0.0% Assets/Resources/Sprites/Imported/MarbleXu/Cards/card_iceshroom.png
 17.3 kb	 0.0% Assets/Resources/Sprites/Imported/MarbleXu/Cards/card_hypnoshroom.png
 17.3 kb	 0.0% Assets/Resources/Sprites/Imported/MarbleXu/Cards/card_chomper.png
 17.3 kb	 0.0% Assets/Resources/Sprites/Imported/MarbleXu/Plants/HypnoShroom/HypnoShroomSleep/HypnoShroomSleep_9.png
 17.3 kb	 0.0% Assets/Resources/Sprites/Imported/MarbleXu/Plants/HypnoShroom/HypnoShroomSleep/HypnoShroomSleep_8.png
 17.3 kb	 0.0% Assets/Resources/Sprites/Imported/MarbleXu/Plants/HypnoShroom/HypnoShroomSleep/HypnoShroomSleep_7.png
 17.3 kb	 0.0% Assets/Resources/Sprites/Imported/MarbleXu/Plants/HypnoShroom/HypnoShroomSleep/HypnoShroomSleep_6.png
 17.3 kb	 0.0% Assets/Resources/Sprites/Imported/MarbleXu/Plants/HypnoShroom/HypnoShroomSleep/HypnoShroomSleep_5.png
 17.3 kb	 0.0% Assets/Resources/Sprites/Imported/MarbleXu/Plants/HypnoShroom/HypnoShroomSleep/HypnoShroomSleep_4.png
 17.3 kb	 0.0% Assets/Resources/Sprites/Imported/MarbleXu/Plants/HypnoShroom/HypnoShroomSleep/HypnoShroomSleep_3.png
 17.3 kb	 0.0% Assets/Resources/Sprites/Imported/MarbleXu/Plants/HypnoShroom/HypnoShroomSleep/HypnoShroomSleep_2.png
 17.3 kb	 0.0% Assets/Resources/Sprites/Imported/MarbleXu/Plants/HypnoShroom/HypnoShroomSleep/HypnoShroomSleep_12.png
 17.3 kb	 0.0% Assets/Resources/Sprites/Imported/MarbleXu/Plants/HypnoShroom/HypnoShroomSleep/HypnoShroomSleep_11.png
 17.3 kb	 0.0% Assets/Resources/Sprites/Imported/MarbleXu/Plants/HypnoShroom/HypnoShroomSleep/HypnoShroomSleep_10.png
 17.3 kb	 0.0% Assets/Resources/Sprites/Imported/MarbleXu/Plants/HypnoShroom/HypnoShroomSleep/HypnoShroomSleep_1.png
 17.3 kb	 0.0% Assets/Resources/Sprites/Imported/MarbleXu/Plants/HypnoShroom/HypnoShroomSleep/HypnoShroomSleep_0.png
 17.2 kb	 0.0% Assets/Resources/Sprites/Zombies/BucketZombie/Zombie_bucket1.png
 17.1 kb	 0.0% Assets/Resources/Sprites/Zombies/BucketZombie/Zombie_bucket2.png
 17.0 kb	 0.0% Assets/Resources/Sprites/Zombies/BucketZombie/Zombie_bucket3.png
 16.8 kb	 0.0% Assets/Resources/Sounds/Plants/sunCollected.ogg
 16.8 kb	 0.0% Assets/Resources/Sounds/CrazyDave/CrazyDave_Talk3.ogg
 16.8 kb	 0.0% Assets/Resources/Sounds/CrazyDave/CrazyDave_Talk2.ogg
 16.8 kb	 0.0% Assets/Resources/Sounds/Plants/shovelPlant.ogg
 16.8 kb	 0.0% Assets/Resources/Prefabs/UI/DialogPanel/DialogPanel-Level4.prefab
 16.5 kb	 0.0% Assets/Resources/Sounds/Zombies/groan3.ogg
 15.8 kb	 0.0% Assets/Resources/Sounds/UI/SeedAndShovelBank/plant_water.ogg
 15.7 kb	 0.0% Assets/Resources/Sprites/Icon.png
 15.4 kb	 0.0% Assets/Resources/Animations/Zombies/ChineseZombie/ChineseZombie_Walk.anim
 15.4 kb	 0.0% Assets/Resources/Animations/Zombies/ChineseZombie/ChineseZombie_Skip.anim
 14.9 kb	 0.0% Assets/Resources/Sprites/Zombies/GargantuarArena/head.png
 14.3 kb	 0.0% Assets/Resources/Sprites/UI/Card/TorchWoodSlot.png
 14.3 kb	 0.0% Assets/Resources/Sprites/UI/Card/SunFlowerSlot.png
 14.3 kb	 0.0% Assets/Resources/Sprites/UI/Card/SpikeweedSlot.png
 14.3 kb	 0.0% Assets/Resources/Sprites/UI/Card/PeaShooterSlot.png
 14.3 kb	 0.0% Assets/Resources/Sprites/UI/Card/CherryBombSlot.png
 14.3 kb	 0.0% Assets/Resources/Sprites/UI/Card/WallNutSlot.png
 14.3 kb	 0.0% Assets/Resources/Sprites/UI/Card/SquashSlot.png
 14.3 kb	 0.0% Assets/Resources/Sprites/UI/Card/SnowKingSlot.png
 14.3 kb	 0.0% Assets/Resources/Sprites/UI/Card/MiaoMiaoSlot.png
 14.3 kb	 0.0% Assets/Resources/Sprites/UI/Card/CardSlot.png
 14.2 kb	 0.0% Assets/Resources/Sprites/Imported/MarbleXu/Plants/ScaredyShroom/ScaredyShroomSleep/ScaredyShroomSleep_15.png
 14.2 kb	 0.0% Assets/Resources/Sprites/Imported/MarbleXu/Plants/ScaredyShroom/ScaredyShroomSleep/ScaredyShroomSleep_14.png
 14.2 kb	 0.0% Assets/Resources/Sprites/Imported/MarbleXu/Plants/ScaredyShroom/ScaredyShroomSleep/ScaredyShroomSleep_13.png
 14.2 kb	 0.0% Assets/Resources/Sprites/Imported/MarbleXu/Plants/ScaredyShroom/ScaredyShroomSleep/ScaredyShroomSleep_12.png
 14.2 kb	 0.0% Assets/Resources/Sprites/Imported/MarbleXu/Plants/ScaredyShroom/ScaredyShroomSleep/ScaredyShroomSleep_11.png
 14.2 kb	 0.0% Assets/Resources/Sprites/Imported/MarbleXu/Plants/ScaredyShroom/ScaredyShroomSleep/ScaredyShroomSleep_10.png
 14.2 kb	 0.0% Assets/Resources/Sprites/Imported/MarbleXu/Plants/ScaredyShroom/ScaredyShroomSleep/ScaredyShroomSleep_9.png
 14.2 kb	 0.0% Assets/Resources/Sprites/Imported/MarbleXu/Plants/ScaredyShroom/ScaredyShroomSleep/ScaredyShroomSleep_8.png
 14.2 kb	 0.0% Assets/Resources/Sprites/Imported/MarbleXu/Plants/ScaredyShroom/ScaredyShroomSleep/ScaredyShroomSleep_7.png
 14.2 kb	 0.0% Assets/Resources/Sprites/Imported/MarbleXu/Plants/ScaredyShroom/ScaredyShroomSleep/ScaredyShroomSleep_6.png
 14.2 kb	 0.0% Assets/Resources/Sprites/Imported/MarbleXu/Plants/ScaredyShroom/ScaredyShroomSleep/ScaredyShroomSleep_5.png
 14.2 kb	 0.0% Assets/Resources/Sprites/Imported/MarbleXu/Plants/ScaredyShroom/ScaredyShroomSleep/ScaredyShroomSleep_4.png
 14.2 kb	 0.0% Assets/Resources/Sprites/Imported/MarbleXu/Plants/ScaredyShroom/ScaredyShroomSleep/ScaredyShroomSleep_3.png
 14.2 kb	 0.0% Assets/Resources/Sprites/Imported/MarbleXu/Plants/ScaredyShroom/ScaredyShroomSleep/ScaredyShroomSleep_2.png
 14.2 kb	 0.0% Assets/Resources/Sprites/Imported/MarbleXu/Plants/ScaredyShroom/ScaredyShroomSleep/ScaredyShroomSleep_1.png
 14.2 kb	 0.0% Assets/Resources/Sprites/Imported/MarbleXu/Plants/ScaredyShroom/ScaredyShroomSleep/ScaredyShroomSleep_0.png
 14.2 kb	 0.0% Assets/Resources/Sprites/Imported/MarbleXu/Plants/ScaredyShroom/ScaredyShroomCry/ScaredyShroomCry_9.png
 14.2 kb	 0.0% Assets/Resources/Sprites/Imported/MarbleXu/Plants/ScaredyShroom/ScaredyShroomCry/ScaredyShroomCry_8.png
 14.2 kb	 0.0% Assets/Resources/Sprites/Imported/MarbleXu/Plants/ScaredyShroom/ScaredyShroomCry/ScaredyShroomCry_7.png
 14.2 kb	 0.0% Assets/Resources/Sprites/Imported/MarbleXu/Plants/ScaredyShroom/ScaredyShroomCry/ScaredyShroomCry_6.png
 14.2 kb	 0.0% Assets/Resources/Sprites/Imported/MarbleXu/Plants/ScaredyShroom/ScaredyShroomCry/ScaredyShroomCry_5.png
 14.2 kb	 0.0% Assets/Resources/Sprites/Imported/MarbleXu/Plants/ScaredyShroom/ScaredyShroomCry/ScaredyShroomCry_4.png
 14.2 kb	 0.0% Assets/Resources/Sprites/Imported/MarbleXu/Plants/ScaredyShroom/ScaredyShroomCry/ScaredyShroomCry_3.png
 14.2 kb	 0.0% Assets/Resources/Sprites/Imported/MarbleXu/Plants/ScaredyShroom/ScaredyShroomCry/ScaredyShroomCry_2.png
 14.2 kb	 0.0% Assets/Resources/Sprites/Imported/MarbleXu/Plants/ScaredyShroom/ScaredyShroomCry/ScaredyShroomCry_10.png
 14.2 kb	 0.0% Assets/Resources/Sprites/Imported/MarbleXu/Plants/ScaredyShroom/ScaredyShroomCry/ScaredyShroomCry_1.png
 14.2 kb	 0.0% Assets/Resources/Sprites/Imported/MarbleXu/Plants/ScaredyShroom/ScaredyShroomCry/ScaredyShroomCry_0.png
 14.1 kb	 0.0% Assets/Resources/Sprites/Imported/MarbleXu/Plants/ScaredyShroom/ScaredyShroom/ScaredyShroom_9.png
 14.1 kb	 0.0% Assets/Resources/Sprites/Imported/MarbleXu/Plants/ScaredyShroom/ScaredyShroom/ScaredyShroom_8.png
 14.1 kb	 0.0% Assets/Resources/Sprites/Imported/MarbleXu/Plants/ScaredyShroom/ScaredyShroom/ScaredyShroom_7.png
 14.1 kb	 0.0% Assets/Resources/Sprites/Imported/MarbleXu/Plants/ScaredyShroom/ScaredyShroom/ScaredyShroom_6.png
 14.1 kb	 0.0% Assets/Resources/Sprites/Imported/MarbleXu/Plants/ScaredyShroom/ScaredyShroom/ScaredyShroom_5.png
 14.1 kb	 0.0% Assets/Resources/Sprites/Imported/MarbleXu/Plants/ScaredyShroom/ScaredyShroom/ScaredyShroom_4.png
 14.1 kb	 0.0% Assets/Resources/Sprites/Imported/MarbleXu/Plants/ScaredyShroom/ScaredyShroom/ScaredyShroom_3.png
 14.1 kb	 0.0% Assets/Resources/Sprites/Imported/MarbleXu/Plants/ScaredyShroom/ScaredyShroom/ScaredyShroom_2.png
 14.1 kb	 0.0% Assets/Resources/Sprites/Imported/MarbleXu/Plants/ScaredyShroom/ScaredyShroom/ScaredyShroom_16.png
 14.1 kb	 0.0% Assets/Resources/Sprites/Imported/MarbleXu/Plants/ScaredyShroom/ScaredyShroom/ScaredyShroom_15.png
 14.1 kb	 0.0% Assets/Resources/Sprites/Imported/MarbleXu/Plants/ScaredyShroom/ScaredyShroom/ScaredyShroom_14.png
 14.1 kb	 0.0% Assets/Resources/Sprites/Imported/MarbleXu/Plants/ScaredyShroom/ScaredyShroom/ScaredyShroom_13.png
 14.1 kb	 0.0% Assets/Resources/Sprites/Imported/MarbleXu/Plants/ScaredyShroom/ScaredyShroom/ScaredyShroom_12.png
 14.1 kb	 0.0% Assets/Resources/Sprites/Imported/MarbleXu/Plants/ScaredyShroom/ScaredyShroom/ScaredyShroom_11.png
 14.1 kb	 0.0% Assets/Resources/Sprites/Imported/MarbleXu/Plants/ScaredyShroom/ScaredyShroom/ScaredyShroom_10.png
 14.1 kb	 0.0% Assets/Resources/Sprites/Imported/MarbleXu/Plants/ScaredyShroom/ScaredyShroom/ScaredyShroom_1.png
 14.1 kb	 0.0% Assets/Resources/Sprites/Imported/MarbleXu/Plants/ScaredyShroom/ScaredyShroom/ScaredyShroom_0.png
 14.0 kb	 0.0% Assets/Resources/Sprites/Zombies/ConeZombie/Zombie_cone3.png
 13.9 kb	 0.0% Assets/Resources/Sprites/Zombies/ConeZombie/Zombie_cone1.png
 13.9 kb	 0.0% Assets/Resources/Sprites/Zombies/ConeZombie/Zombie_cone2.png
 13.8 kb	 0.0% Assets/Resources/Sounds/Zombies/groan5.ogg
 13.7 kb	 0.0% Assets/Resources/Animations/Zombies/SnowZombie/SnowZombie_Walk.anim
 13.3 kb	 0.0% Assets/Resources/Animations/Zombies/SnowZombie/SnowZombie_Die.anim
 13.3 kb	 0.0% Assets/Resources/Sprites/Zombies/GargantuarArena/outerarm_lower.png
 13.2 kb	 0.0% Assets/Resources/Sounds/Zombies/zombie_falling.ogg
 12.8 kb	 0.0% Assets/Resources/Animations/Zombies/ChineseZombie/ChineseZombie_Die.anim
 12.8 kb	 0.0% Assets/Resources/Sounds/CrazyDave/CrazyDave_Scream.ogg
 12.7 kb	 0.0% Assets/Resources/Animations/Zombies/IceBlockZombie/IceBlockZombie_Die.anim
 12.7 kb	 0.0% Assets/Resources/Sprites/Imported/MarbleXu/Plants/PotatoMine/PotatoMineInit/PotatoMineInit_0.png
 12.7 kb	 0.0% Assets/Resources/Sprites/Imported/MarbleXu/Plants/PotatoMine/PotatoMine/PotatoMine_7.png
 12.7 kb	 0.0% Assets/Resources/Sprites/Imported/MarbleXu/Plants/PotatoMine/PotatoMine/PotatoMine_6.png
 12.7 kb	 0.0% Assets/Resources/Sprites/Imported/MarbleXu/Plants/PotatoMine/PotatoMine/PotatoMine_5.png
 12.7 kb	 0.0% Assets/Resources/Sprites/Imported/MarbleXu/Plants/PotatoMine/PotatoMine/PotatoMine_4.png
 12.7 kb	 0.0% Assets/Resources/Sprites/Imported/MarbleXu/Plants/PotatoMine/PotatoMine/PotatoMine_3.png
 12.7 kb	 0.0% Assets/Resources/Sprites/Imported/MarbleXu/Plants/PotatoMine/PotatoMine/PotatoMine_2.png
 12.7 kb	 0.0% Assets/Resources/Sprites/Imported/MarbleXu/Plants/PotatoMine/PotatoMine/PotatoMine_1.png
 12.7 kb	 0.0% Assets/Resources/Sprites/Imported/MarbleXu/Plants/PotatoMine/PotatoMine/PotatoMine_0.png
 12.7 kb	 0.0% Assets/Resources/Sounds/Zombies/zombie_angry.ogg
 12.6 kb	 0.0% Assets/Resources/Sounds/Zombies/groan4.ogg
 12.2 kb	 0.0% Assets/Resources/Sounds/UI/plantPanelAppear.ogg
 12.2 kb	 0.0% Assets/Resources/Animations/Zombies/IceBlockZombie/IceBlockZombie_Walk.anim
 12.0 kb	 0.0% Assets/Resources/Prefabs/Zombies/ChineseZombie.prefab
 11.9 kb	 0.0% Assets/Resources/Animations/Zombies/YetiZombie/YetiZombie_Walk.anim
 11.9 kb	 0.0% Assets/Resources/Sprites/Zombies/GargantuarArena/outerarm_upper.png
 11.8 kb	 0.0% Assets/Resources/Sprites/UI/ZombieHead.png
 11.6 kb	 0.0% Assets/Resources/Sprites/Zombies/GargantuarArena/innerarm_upper.png
 11.6 kb	 0.0% Assets/Resources/Sprites/Imported/MarbleXu/Plants/PuffShroom/PuffShroomSleep/PuffShroomSleep_5.png
 11.6 kb	 0.0% Assets/Resources/Sprites/Imported/MarbleXu/Plants/PuffShroom/PuffShroomSleep/PuffShroomSleep_15.png
 11.5 kb	 0.0% Assets/Resources/Animations/Zombies/ZombieNormal/ZombieNormal_Die.anim
 11.5 kb	 0.0% Assets/Resources/Animations/Zombies/ChineseZombie/ChineseZombie_Attack.anim
 11.5 kb	 0.0% Assets/Resources/Sprites/Imported/MarbleXu/Plants/PuffShroom/PuffShroomSleep/PuffShroomSleep_7.png
 11.5 kb	 0.0% Assets/Resources/Sprites/Imported/MarbleXu/Plants/PuffShroom/PuffShroomSleep/PuffShroomSleep_10.png
 11.5 kb	 0.0% Assets/Resources/Sprites/Imported/MarbleXu/Plants/PuffShroom/PuffShroomSleep/PuffShroomSleep_6.png
 11.5 kb	 0.0% Assets/Resources/Sprites/Imported/MarbleXu/Plants/PuffShroom/PuffShroomSleep/PuffShroomSleep_16.png
 11.4 kb	 0.0% Assets/Resources/Prefabs/UI/DialogPanel/DialogPanel-Level3.prefab
 11.4 kb	 0.0% Assets/Resources/Sprites/Zombies/GargantuarArena/body2.png
 11.4 kb	 0.0% Assets/Resources/Sprites/Imported/MarbleXu/Plants/PuffShroom/PuffShroomSleep/PuffShroomSleep_12.png
 11.4 kb	 0.0% Assets/Resources/Sprites/Imported/MarbleXu/Plants/PuffShroom/PuffShroomSleep/PuffShroomSleep_11.png
 11.4 kb	 0.0% Assets/Resources/Sprites/Imported/MarbleXu/Plants/PuffShroom/PuffShroomSleep/PuffShroomSleep_9.png
 11.4 kb	 0.0% Assets/Resources/Animations/Zombies/YetiZombie/YetiZombie_Eat.anim
 11.3 kb	 0.0% Assets/Resources/Sprites/Imported/MarbleXu/Plants/PuffShroom/PuffShroomSleep/PuffShroomSleep_1.png
 11.3 kb	 0.0% Assets/Resources/Sprites/Imported/MarbleXu/Plants/PuffShroom/PuffShroomSleep/PuffShroomSleep_2.png
 11.3 kb	 0.0% Assets/Resources/Sprites/Imported/MarbleXu/Plants/PuffShroom/PuffShroomSleep/PuffShroomSleep_8.png
 11.3 kb	 0.0% Assets/Resources/Sprites/Imported/MarbleXu/Plants/PuffShroom/PuffShroomSleep/PuffShroomSleep_0.png
 11.2 kb	 0.0% Assets/Resources/Sprites/Imported/MarbleXu/Plants/PuffShroom/PuffShroomSleep/PuffShroomSleep_3.png
 11.2 kb	 0.0% Assets/Resources/Sprites/Imported/MarbleXu/Plants/PuffShroom/PuffShroomSleep/PuffShroomSleep_14.png
 11.2 kb	 0.0% Assets/Resources/Sprites/Imported/MarbleXu/Plants/PuffShroom/PuffShroomSleep/PuffShroomSleep_13.png
 11.2 kb	 0.0% Assets/Resources/Sprites/Imported/MarbleXu/Plants/SunShroom/SunShroomSleep/SunShroomSleep_13.png
 11.2 kb	 0.0% Assets/Resources/Sprites/Imported/MarbleXu/Plants/SunShroom/SunShroomSleep/SunShroomSleep_12.png
 11.2 kb	 0.0% Assets/Resources/Sprites/Imported/MarbleXu/Plants/SunShroom/SunShroomSleep/SunShroomSleep_11.png
 11.2 kb	 0.0% Assets/Resources/Sprites/Imported/MarbleXu/Plants/SunShroom/SunShroomSleep/SunShroomSleep_10.png
 11.2 kb	 0.0% Assets/Resources/Sprites/Imported/MarbleXu/Plants/SunShroom/SunShroomSleep/SunShroomSleep_9.png
 11.2 kb	 0.0% Assets/Resources/Sprites/Imported/MarbleXu/Plants/SunShroom/SunShroomSleep/SunShroomSleep_8.png
 11.2 kb	 0.0% Assets/Resources/Sprites/Imported/MarbleXu/Plants/SunShroom/SunShroomSleep/SunShroomSleep_7.png
 11.2 kb	 0.0% Assets/Resources/Sprites/Imported/MarbleXu/Plants/SunShroom/SunShroomSleep/SunShroomSleep_6.png
 11.2 kb	 0.0% Assets/Resources/Sprites/Imported/MarbleXu/Plants/SunShroom/SunShroomSleep/SunShroomSleep_5.png
 11.2 kb	 0.0% Assets/Resources/Sprites/Imported/MarbleXu/Plants/SunShroom/SunShroomSleep/SunShroomSleep_4.png
 11.2 kb	 0.0% Assets/Resources/Sprites/Imported/MarbleXu/Plants/SunShroom/SunShroomSleep/SunShroomSleep_3.png
 11.2 kb	 0.0% Assets/Resources/Sprites/Imported/MarbleXu/Plants/SunShroom/SunShroomSleep/SunShroomSleep_2.png
 11.2 kb	 0.0% Assets/Resources/Sprites/Imported/MarbleXu/Plants/SunShroom/SunShroomSleep/SunShroomSleep_1.png
 11.2 kb	 0.0% Assets/Resources/Sprites/Imported/MarbleXu/Plants/SunShroom/SunShroomSleep/SunShroomSleep_0.png
 11.2 kb	 0.0% Assets/Resources/Sprites/Imported/MarbleXu/Plants/SunShroom/SunShroomBig/SunShroomBig_9.png
 11.2 kb	 0.0% Assets/Resources/Sprites/Imported/MarbleXu/Plants/SunShroom/SunShroomBig/SunShroomBig_8.png
 11.2 kb	 0.0% Assets/Resources/Sprites/Imported/MarbleXu/Plants/SunShroom/SunShroomBig/SunShroomBig_7.png
 11.2 kb	 0.0% Assets/Resources/Sprites/Imported/MarbleXu/Plants/SunShroom/SunShroomBig/SunShroomBig_6.png
 11.2 kb	 0.0% Assets/Resources/Sprites/Imported/MarbleXu/Plants/SunShroom/SunShroomBig/SunShroomBig_5.png
 11.2 kb	 0.0% Assets/Resources/Sprites/Imported/MarbleXu/Plants/SunShroom/SunShroomBig/SunShroomBig_4.png
 11.2 kb	 0.0% Assets/Resources/Sprites/Imported/MarbleXu/Plants/SunShroom/SunShroomBig/SunShroomBig_3.png
 11.2 kb	 0.0% Assets/Resources/Sprites/Imported/MarbleXu/Plants/SunShroom/SunShroomBig/SunShroomBig_2.png
 11.2 kb	 0.0% Assets/Resources/Sprites/Imported/MarbleXu/Plants/SunShroom/SunShroomBig/SunShroomBig_1.png
 11.2 kb	 0.0% Assets/Resources/Sprites/Imported/MarbleXu/Plants/SunShroom/SunShroomBig/SunShroomBig_0.png
 11.2 kb	 0.0% Assets/Resources/Sprites/Imported/MarbleXu/Plants/SunShroom/SunShroom/SunShroom_9.png
 11.2 kb	 0.0% Assets/Resources/Sprites/Imported/MarbleXu/Plants/SunShroom/SunShroom/SunShroom_8.png
 11.2 kb	 0.0% Assets/Resources/Sprites/Imported/MarbleXu/Plants/SunShroom/SunShroom/SunShroom_7.png
 11.2 kb	 0.0% Assets/Resources/Sprites/Imported/MarbleXu/Plants/SunShroom/SunShroom/SunShroom_6.png
 11.2 kb	 0.0% Assets/Resources/Sprites/Imported/MarbleXu/Plants/SunShroom/SunShroom/SunShroom_5.png
 11.2 kb	 0.0% Assets/Resources/Sprites/Imported/MarbleXu/Plants/SunShroom/SunShroom/SunShroom_4.png
 11.2 kb	 0.0% Assets/Resources/Sprites/Imported/MarbleXu/Plants/SunShroom/SunShroom/SunShroom_3.png
 11.2 kb	 0.0% Assets/Resources/Sprites/Imported/MarbleXu/Plants/SunShroom/SunShroom/SunShroom_2.png
 11.2 kb	 0.0% Assets/Resources/Sprites/Imported/MarbleXu/Plants/SunShroom/SunShroom/SunShroom_1.png
 11.2 kb	 0.0% Assets/Resources/Sprites/Imported/MarbleXu/Plants/SunShroom/SunShroom/SunShroom_0.png
 11.1 kb	 0.0% Assets/Resources/Sprites/Imported/MarbleXu/Plants/PuffShroom/PuffShroomSleep/PuffShroomSleep_4.png
 11.1 kb	 0.0% Assets/Resources/Sprites/Imported/MarbleXu/Plants/PuffShroom/PuffShroom/PuffShroom_13.png
 11.1 kb	 0.0% Assets/Resources/Sprites/Imported/MarbleXu/Plants/PuffShroom/PuffShroom/PuffShroom_1.png
 11.1 kb	 0.0% Assets/Resources/Sprites/Imported/MarbleXu/Plants/PuffShroom/PuffShroom/PuffShroom_0.png
 11.1 kb	 0.0% Assets/Resources/Sounds/UI/graveButtonClick.ogg
 11.1 kb	 0.0% Assets/Resources/Sprites/Imported/MarbleXu/Plants/PuffShroom/PuffShroom/PuffShroom_12.png
 11.1 kb	 0.0% Assets/Resources/Sprites/Imported/MarbleXu/Plants/PuffShroom/PuffShroom/PuffShroom_10.png
 11.1 kb	 0.0% Assets/Resources/Sprites/Imported/MarbleXu/Plants/PuffShroom/PuffShroom/PuffShroom_11.png
 11.0 kb	 0.0% Assets/Resources/Sprites/Imported/MarbleXu/Plants/PuffShroom/PuffShroom/PuffShroom_3.png
 11.0 kb	 0.0% Assets/Resources/Sprites/Imported/MarbleXu/Plants/PuffShroom/PuffShroom/PuffShroom_9.png
 11.0 kb	 0.0% Assets/Resources/Sprites/Imported/MarbleXu/Plants/PuffShroom/PuffShroom/PuffShroom_6.png
 11.0 kb	 0.0% Assets/Resources/Sprites/Imported/MarbleXu/Plants/PuffShroom/PuffShroom/PuffShroom_5.png
 11.0 kb	 0.0% Assets/Resources/Sprites/Imported/MarbleXu/Plants/PuffShroom/PuffShroom/PuffShroom_8.png
 11.0 kb	 0.0% Assets/Resources/Sprites/Imported/MarbleXu/Plants/PuffShroom/PuffShroom/PuffShroom_7.png
 11.0 kb	 0.0% Assets/Resources/Sprites/Imported/MarbleXu/Plants/PuffShroom/PuffShroom/PuffShroom_4.png
 11.0 kb	 0.0% Assets/Resources/Sprites/Imported/MarbleXu/Plants/PuffShroom/PuffShroom/PuffShroom_2.png
 10.9 kb	 0.0% Assets/Resources/Sprites/PlantBullet/ParasiticSeed/ParasiticSeed.png
 10.8 kb	 0.0% Assets/Resources/Sounds/Zombies/groan6.ogg
 10.8 kb	 0.0% Assets/Resources/Prefabs/Zombies/BucketZombie.prefab
 10.8 kb	 0.0% Assets/Resources/Prefabs/Zombies/ConeZombie.prefab
 10.7 kb	 0.0% Assets/Resources/Sprites/UI/PauseMenu/options_highlight.png
 10.7 kb	 0.0% Assets/Resources/Sprites/UI/PauseMenu/options_normal.png
 10.6 kb	 0.0% Assets/Resources/Animations/Zombies/SnowZombie/SnowZombie_Attack.anim
 10.5 kb	 0.0% Assets/Resources/Animations/Zombies/SnowZombie/SnowZombie_CreateIce.anim
 10.4 kb	 0.0% Assets/Resources/Prefabs/Zombies/ZombieNormal.prefab
 10.4 kb	 0.0% Assets/Resources/Animations/Zombies/SnowZombie/SnowZombie_Idle.anim
 10.3 kb	 0.0% Assets/Resources/Sounds/CrazyDave/CrazyDave_Short3.ogg
 10.3 kb	 0.0% Assets/Resources/Sounds/UI/SeedAndShovelBank/seedLift.ogg
 10.3 kb	 0.0% Assets/Resources/Prefabs/Zombies/BoneZombie.prefab
 10.2 kb	 0.0% Assets/Resources/Animations/Zombies/IceBlockZombie/IceBlockZombie_Attack.anim
 10.0 kb	 0.0% Assets/Resources/Sounds/UI/SeedAndShovelBank/unable.ogg
 10.0 kb	 0.0% Assets/Resources/Sounds/Zombies/groan1.ogg
 9.9 kb	 0.0% Assets/Resources/Prefabs/Zombies/IceBlockZombie.prefab
 9.9 kb	 0.0% Assets/Resources/Prefabs/Zombies/SnowZombie.prefab
 9.8 kb	 0.0% Assets/Resources/Animations/Plants/MiaoMiao/MiaoMiao_Attack.anim
 9.7 kb	 0.0% Assets/Resources/Animations/Zombies/SnowZombie/SnowZombie_FrozePlant.anim
 9.7 kb	 0.0% Assets/Resources/Animations/Zombies/BoneZombie/BoneZombie_Die.anim
 9.6 kb	 0.0% Assets/Resources/Prefabs/Zombies/YetiZombie.prefab
 9.6 kb	 0.0% Assets/Resources/Sounds/UI/buttonClick.ogg
 9.5 kb	 0.0% Assets/Resources/Sounds/CrazyDave/CrazyDave_Short1.ogg
 9.5 kb	 0.0% Assets/Resources/Sprites/Imported/MarbleXu/Bullets/BulletMushRoom/BulletMushRoom_2.png
 9.5 kb	 0.0% Assets/Resources/Sprites/Imported/MarbleXu/Bullets/BulletMushRoom/BulletMushRoom_4.png
 9.4 kb	 0.0% Assets/Resources/Sounds/Zombies/groan2.ogg
 9.3 kb	 0.0% Assets/Resources/Animations/Zombies/ZombieNormal/ZombieNormal_Attack.anim
 9.3 kb	 0.0% Assets/Resources/Sprites/Imported/MarbleXu/Plants/Spikeweed/Spikeweed/Spikeweed_9.png
 9.3 kb	 0.0% Assets/Resources/Sprites/Imported/MarbleXu/Plants/Spikeweed/Spikeweed/Spikeweed_8.png
 9.3 kb	 0.0% Assets/Resources/Sprites/Imported/MarbleXu/Plants/Spikeweed/Spikeweed/Spikeweed_7.png
 9.3 kb	 0.0% Assets/Resources/Sprites/Imported/MarbleXu/Plants/Spikeweed/Spikeweed/Spikeweed_6.png
 9.3 kb	 0.0% Assets/Resources/Sprites/Imported/MarbleXu/Plants/Spikeweed/Spikeweed/Spikeweed_5.png
 9.3 kb	 0.0% Assets/Resources/Sprites/Imported/MarbleXu/Plants/Spikeweed/Spikeweed/Spikeweed_4.png
 9.3 kb	 0.0% Assets/Resources/Sprites/Imported/MarbleXu/Plants/Spikeweed/Spikeweed/Spikeweed_3.png
 9.3 kb	 0.0% Assets/Resources/Sprites/Imported/MarbleXu/Plants/Spikeweed/Spikeweed/Spikeweed_2.png
 9.3 kb	 0.0% Assets/Resources/Sprites/Imported/MarbleXu/Plants/Spikeweed/Spikeweed/Spikeweed_18.png
 9.3 kb	 0.0% Assets/Resources/Sprites/Imported/MarbleXu/Plants/Spikeweed/Spikeweed/Spikeweed_17.png
 9.3 kb	 0.0% Assets/Resources/Sprites/Imported/MarbleXu/Plants/Spikeweed/Spikeweed/Spikeweed_16.png
 9.3 kb	 0.0% Assets/Resources/Sprites/Imported/MarbleXu/Plants/Spikeweed/Spikeweed/Spikeweed_15.png
 9.3 kb	 0.0% Assets/Resources/Sprites/Imported/MarbleXu/Plants/Spikeweed/Spikeweed/Spikeweed_14.png
 9.3 kb	 0.0% Assets/Resources/Sprites/Imported/MarbleXu/Plants/Spikeweed/Spikeweed/Spikeweed_13.png
 9.3 kb	 0.0% Assets/Resources/Sprites/Imported/MarbleXu/Plants/Spikeweed/Spikeweed/Spikeweed_12.png
 9.3 kb	 0.0% Assets/Resources/Sprites/Imported/MarbleXu/Plants/Spikeweed/Spikeweed/Spikeweed_11.png
 9.3 kb	 0.0% Assets/Resources/Sprites/Imported/MarbleXu/Plants/Spikeweed/Spikeweed/Spikeweed_10.png
 9.3 kb	 0.0% Assets/Resources/Sprites/Imported/MarbleXu/Plants/Spikeweed/Spikeweed/Spikeweed_1.png
 9.3 kb	 0.0% Assets/Resources/Sprites/Imported/MarbleXu/Plants/Spikeweed/Spikeweed/Spikeweed_0.png
 9.3 kb	 0.0% Assets/Resources/Prefabs/UI/DialogPanel/DialogPanel-Level0.prefab
 9.3 kb	 0.0% Assets/Resources/Animations/Zombies/YetiZombie/YetiZombie_Die.anim
 9.3 kb	 0.0% Assets/Resources/Sprites/Imported/MarbleXu/Bullets/BulletMushRoom/BulletMushRoom_1.png
 9.2 kb	 0.0% Assets/Resources/Animations/Zombies/BoneZombie/BoneZombie_Walk.anim
 9.1 kb	 0.0% Assets/Resources/Sprites/Imported/MarbleXu/Bullets/BulletMushRoom/BulletMushRoom_3.png
 9.0 kb	 0.0% Assets/Resources/Sprites/Zombies/GargantuarArena/outerleg_lower.png
 8.9 kb	 0.0% Assets/Resources/Sprites/Imported/MarbleXu/Bullets/BulletMushRoom/BulletMushRoom_0.png
 8.8 kb	 0.0% Assets/Resources/Sprites/Zombies/GargantuarArena/innerleg_upper.png
 8.7 kb	 0.0% Assets/Resources/Sounds/Plants/KnifeKill.mp3
 8.6 kb	 0.0% Assets/Resources/Sprites/Zombies/GargantuarArena/innerarm_lower.png
 8.4 kb	 0.0% Assets/Resources/Sounds/Plants/SquashHmm.ogg
 8.3 kb	 0.0% Assets/Resources/Sprites/Zombies/GargantuarArena/foot.png
 8.2 kb	 0.0% Assets/Resources/Sprites/Imported/MarbleXu/Bullets/PeaNormal/PeaNormal_0.png
 8.2 kb	 0.0% Assets/Resources/Animations/Zombies/ZombieNormal/ZombieNormal_Walk.anim
 8.1 kb	 0.0% Assets/Resources/Sprites/Imported/MarbleXu/Bullets/PeaIce/PeaIce_0.png
 8.1 kb	 0.0% Assets/Resources/Sprites/Zombies/GargantuarArena/outerarm_hand.png
 8.1 kb	 0.0% Assets/Resources/Sprites/Zombies/GargantuarArena/innerarm_hand.png
 8.0 kb	 0.0% Assets/Resources/Animations/Zombies/BoneZombie/BoneZombie_Attack.anim
 8.0 kb	 0.0% Assets/Resources/Sounds/CrazyDave/CrazyDave_Short2.ogg
 7.8 kb	 0.0% Assets/Resources/Sprites/Zombies/GargantuarArena/outerleg_upper.png
 7.7 kb	 0.0% Assets/Resources/Prefabs/UI/DialogPanel/DialogPanel-Level2.prefab
 7.5 kb	 0.0% Assets/Resources/Prefabs/Effects/Weather/Snow.prefab
 7.5 kb	 0.0% Assets/Resources/Animations/Plants/MiaoMiao/MiaoMiao_Idle.anim
 7.4 kb	 0.0% Assets/Resources/Sounds/Plants/fire.ogg
 7.4 kb	 0.0% Assets/Resources/Sounds/UI/SeedAndShovelBank/plant.ogg
 7.3 kb	 0.0% Assets/Resources/Sprites/UI/Shovel.png
 7.1 kb	 0.0% Assets/Resources/Sprites/PlantBullet/PeaBullet/PeaBulletHit.png
 6.9 kb	 0.0% Assets/Resources/Sprites/PlantBullet/LeafKnife/LeafKnife.png
 6.8 kb	 0.0% Assets/Resources/Animations/Plants/SnowKing/SnowKing_Idle.anim
 6.6 kb	 0.0% Assets/Resources/Animations/Zombies/BoneZombie/BoneZombie_Revive.anim
 6.5 kb	 0.0% Assets/Resources/Prefabs/Plants/MiaoMiao.prefab
 5.8 kb	 0.0% Assets/Resources/Sounds/Plants/beEated.ogg
 5.6 kb	 0.0% Assets/Resources/Sounds/Plants/firepea.ogg
 5.5 kb	 0.0% Assets/Resources/Sounds/Zombies/buckethit2.ogg
 5.4 kb	 0.0% Assets/Resources/Sprites/Imported/MarbleXu/Plants/IceShroom/IceShroomTrap/IceShroomTrap_0.png
 5.3 kb	 0.0% Assets/Resources/Animations/Plants/SnowKing/SnowKing_Attack.anim
 5.3 kb	 0.0% Assets/Resources/Sounds/Zombies/yetifall.wav
 5.2 kb	 0.0% Assets/Resources/Prefabs/Plants/SnowKing.prefab
 5.2 kb	 0.0% Assets/Resources/Json/ZombieData/Level4.json
 4.5 kb	 0.0% Assets/Resources/Sprites/PlantBullet/SnowKingBullet/SnowKingBullet_splats.png
 4.5 kb	 0.0% Assets/Resources/Animations/Zombies/ChineseZombie/ChineseZombie_BeMadWhenAttack.anim
 4.5 kb	 0.0% Assets/Resources/Shaders/UIMenuTextHover.shader
 4.4 kb	 0.0% Assets/Resources/Sounds/Zombies/conehit1.ogg
 4.3 kb	 0.0% Assets/Resources/Sounds/Zombies/buckethit1.ogg
 4.3 kb	 0.0% Assets/Resources/Fonts/Baloo2-OFL-License.txt
 4.1 kb	 0.0% Assets/Resources/Shaders/UIChromaKey.shader
 4.1 kb	 0.0% Assets/Resources/Shaders/TorchwoodFlameOnly.shader
 4.1 kb	 0.0% Assets/Resources/Sounds/Zombies/conehit2.ogg
 4.1 kb	 0.0% Assets/Resources/Shaders/ArenaChromaKey.shader
 4.0 kb	 0.0% Assets/Resources/Animations/Zombies/Ghost/Ghost_Move.anim
 4.0 kb	 0.0% Assets/Resources/Animations/Zombies/SnowZombie/SnowZombie.controller
 3.9 kb	 0.0% Assets/Resources/Prefabs/UI/Introduce.prefab
 3.9 kb	 0.0% Assets/Resources/Sounds/Zombies/bodyhit2.ogg
 3.8 kb	 0.0% Assets/Resources/Sprites/Zombies/GargantuarArena/jaw.png
 3.6 kb	 0.0% Assets/Resources/Animations/CrazyDave/CrazyDave_Crazy.anim
 3.5 kb	 0.0% Assets/Resources/Sounds/UI/SeedAndShovelBank/shovelClick.ogg
 3.5 kb	 0.0% Assets/Resources/Animations/Zombies/BoneZombie/BoneZombie_Dead.anim
 3.4 kb	 0.0% Assets/Resources/Animations/CrazyDave/CrazyDave.controller
 3.4 kb	 0.0% Assets/Resources/Prefabs/UI/DialogPanel/DialogPanel-Level1.prefab
 3.3 kb	 0.0% Assets/Resources/Animations/Plants/PeaShooterSingle/PeaShooterSingle_Attack.anim
 3.2 kb	 0.0% Assets/Resources/Json/ZombieData/Level3.json
 3.2 kb	 0.0% Assets/Resources/Animations/Plants/PeaShooterSingle/PeaShooterSingle_Idle.anim
 3.2 kb	 0.0% Assets/Resources/Animations/Plants/SunFlower/SunFlower.anim
 3.2 kb	 0.0% Assets/Resources/Animations/PlantBullets/FirePea/FirePea_Fly.anim
 3.1 kb	 0.0% Assets/Resources/Sprites/Imported/MarbleXu/Plants/HypnoShroom/HypnoShroom/HypnoShroom_9.png
 3.1 kb	 0.0% Assets/Resources/Sprites/Imported/MarbleXu/Plants/HypnoShroom/HypnoShroom/HypnoShroom_8.png
 3.1 kb	 0.0% Assets/Resources/Sprites/Imported/MarbleXu/Plants/HypnoShroom/HypnoShroom/HypnoShroom_7.png
 3.1 kb	 0.0% Assets/Resources/Sprites/Imported/MarbleXu/Plants/HypnoShroom/HypnoShroom/HypnoShroom_6.png
 3.1 kb	 0.0% Assets/Resources/Sprites/Imported/MarbleXu/Plants/HypnoShroom/HypnoShroom/HypnoShroom_5.png
 3.1 kb	 0.0% Assets/Resources/Sprites/Imported/MarbleXu/Plants/HypnoShroom/HypnoShroom/HypnoShroom_4.png
 3.1 kb	 0.0% Assets/Resources/Sprites/Imported/MarbleXu/Plants/HypnoShroom/HypnoShroom/HypnoShroom_3.png
 3.1 kb	 0.0% Assets/Resources/Sprites/Imported/MarbleXu/Plants/HypnoShroom/HypnoShroom/HypnoShroom_2.png
 3.1 kb	 0.0% Assets/Resources/Sprites/Imported/MarbleXu/Plants/HypnoShroom/HypnoShroom/HypnoShroom_14.png
 3.1 kb	 0.0% Assets/Resources/Sprites/Imported/MarbleXu/Plants/HypnoShroom/HypnoShroom/HypnoShroom_13.png
 3.1 kb	 0.0% Assets/Resources/Sprites/Imported/MarbleXu/Plants/HypnoShroom/HypnoShroom/HypnoShroom_12.png
 3.1 kb	 0.0% Assets/Resources/Sprites/Imported/MarbleXu/Plants/HypnoShroom/HypnoShroom/HypnoShroom_11.png
 3.1 kb	 0.0% Assets/Resources/Sprites/Imported/MarbleXu/Plants/HypnoShroom/HypnoShroom/HypnoShroom_10.png
 3.1 kb	 0.0% Assets/Resources/Sprites/Imported/MarbleXu/Plants/HypnoShroom/HypnoShroom/HypnoShroom_1.png
 3.1 kb	 0.0% Assets/Resources/Sprites/Imported/MarbleXu/Plants/HypnoShroom/HypnoShroom/HypnoShroom_0.png
 3.1 kb	 0.0% Assets/Resources/Animations/Plants/TorchWood/TorchWood_Idle.anim
 3.1 kb	 0.0% Assets/Resources/Animations/CrazyDave/CrazyDave_Idle.anim
 3.0 kb	 0.0% Assets/Resources/Animations/CrazyDave/CrazyDave_Talk.anim
 3.0 kb	 0.0% Assets/Resources/Animations/Plants/Squash/Squash_JumpUp.anim
 3.0 kb	 0.0% Assets/Resources/Animations/Plants/Squash/Squash_Idle.anim
 2.9 kb	 0.0% Assets/Resources/Animations/Plants/WallNut/WallNut_Cracked2.anim
 2.9 kb	 0.0% Assets/Resources/Animations/Plants/WallNut/WallNut_Cracked1.anim
 2.9 kb	 0.0% Assets/Resources/Animations/CrazyDave/CrazyDave_Enter.anim
 2.9 kb	 0.0% Assets/Resources/Animations/Plants/WallNut/WallNut_Body.anim
 2.9 kb	 0.0% Assets/Resources/Sprites/Zombies/GargantuarArena/innerleg_lower.png
 2.9 kb	 0.0% Assets/Resources/Animations/Zombies/ChineseZombie/ChineseZombie.controller
 2.8 kb	 0.0% Assets/Resources/PerformanceTestRunInfo.json
 2.8 kb	 0.0% Assets/Resources/Animations/CrazyDave/CrazyDave_Leave.anim
 2.8 kb	 0.0% Assets/Resources/Animations/Zombies/ChineseZombie/ChineseZombie_BeMad.anim
 2.8 kb	 0.0% Assets/Resources/Animations/Zombies/Ghost/Ghost_Disappear.anim
 2.8 kb	 0.0% Assets/Resources/Animations/PlantBullets/FirePea/FirePea_Boom.anim
 2.7 kb	 0.0% Assets/Resources/Animations/Sun/Sun.anim
 2.7 kb	 0.0% Assets/Resources/Animations/Plants/Squash/Squash_JumpDown.anim
 2.7 kb	 0.0% Assets/Resources/Animations/Zombies/Ghost/Ghost_Appear.anim
 2.7 kb	 0.0% Assets/Resources/Animations/UI/Effect/Effect_Amazed/Effect_Amazed.anim
 2.7 kb	 0.0% Assets/Resources/Animations/CrazyDave/CrazyDave_SmallTalk.anim
 2.6 kb	 0.0% Assets/Resources/Animations/Plants/Squash/Squash_Drop.anim
 2.6 kb	 0.0% Assets/Resources/Animations/Zombies/BoneZombie/BoneZombie.controller
 2.6 kb	 0.0% Assets/Resources/Json/ZombieData/Level2.json
 2.6 kb	 0.0% Assets/Resources/Animations/Plants/Squash/Squash_LookRight.anim
 2.6 kb	 0.0% Assets/Resources/Animations/Plants/Squash/Squash_LookLeft.anim
 2.4 kb	 0.0% Assets/Resources/Animations/UI/Introduce/Intro_Appear.anim
 2.4 kb	 0.0% Assets/Resources/Animations/UI/BGMusic/BGMusic_Up.anim
 2.4 kb	 0.0% Assets/Resources/Animations/UI/BGMusic/BGMusic_Down.anim
 2.3 kb	 0.0% Assets/Resources/Prefabs/UI/Card/PeaShooterCard.prefab
 2.3 kb	 0.0% Assets/Resources/Prefabs/UI/Card/TorchWoodCard.prefab
 2.3 kb	 0.0% Assets/Resources/Prefabs/UI/Card/SunFlowerCard.prefab
 2.3 kb	 0.0% Assets/Resources/Prefabs/UI/Card/WallNutCard.prefab
 2.3 kb	 0.0% Assets/Resources/Prefabs/UI/Card/SunNutCard.prefab
 2.3 kb	 0.0% Assets/Resources/Prefabs/UI/Card/SquashCard.prefab
 2.3 kb	 0.0% Assets/Resources/Prefabs/UI/Card/SnowKingCard.prefab
 2.3 kb	 0.0% Assets/Resources/Prefabs/UI/Card/MiaoMiaoCard.prefab
 2.3 kb	 0.0% Assets/Resources/Animations/UI/Introduce/Intro_Show.anim
 2.2 kb	 0.0% Assets/Resources/Prefabs/Plants/Torchwood.prefab
 2.1 kb	 0.0% Assets/Resources/Prefabs/Plants/Squash.prefab
 2.0 kb	 0.0% Assets/Resources/Animations/Plants/Squash/Squash.controller
 2.0 kb	 0.0% Assets/Resources/Json/ZombieData/Level0.json
 1.9 kb	 0.0% Assets/Resources/Prefabs/Plants/PeaShooterSingle.prefab
 1.9 kb	 0.0% Assets/Resources/Json/ZombieIntro.txt
 1.8 kb	 0.0% Assets/Resources/Prefabs/Sun/CrescentMoon.prefab
 1.7 kb	 0.0% Assets/Resources/Prefabs/Zombies/Ghost.prefab
 1.7 kb	 0.0% Assets/Resources/Animations/Zombies/IceBlockZombie/IceBlockZombie.controller
 1.6 kb	 0.0% Assets/Resources/Json/ZombieData/Level1.json
 1.6 kb	 0.0% Assets/Resources/Prefabs/Plants/SunFlower.prefab
 1.6 kb	 0.0% Assets/Resources/Prefabs/Plants/SunNut.prefab
 1.6 kb	 0.0% Assets/Resources/Prefabs/Plants/SunFlowerForDialog.prefab
 1.6 kb	 0.0% Assets/Resources/Prefabs/Plants/WallNut.prefab
 1.6 kb	 0.0% Assets/Resources/Json/PlantIntro.txt
 1.6 kb	 0.0% Assets/Resources/Animations/Zombies/YetiZombie/YetiZombie.controller
 1.5 kb	 0.0% Assets/Resources/Animations/Zombies/ZombieNormal/ZombieNormal.controller
 1.4 kb	 0.0% Assets/Resources/Sprites/PlantBullet/PeaBullet/PeaBullet.png
 1.4 kb	 0.0% Assets/Resources/Prefabs/Plants/SquashForDialog.prefab
 1.3 kb	 0.0% Assets/Resources/Json/ZombieData/Level5.json
 1.3 kb	 0.0% Assets/Resources/Prefabs/Zombies/IceShield.prefab
 1.3 kb	 0.0% Assets/Resources/Sounds/Zombies/attack_snowzombie.ogg
 1.2 kb	 0.0% Assets/Resources/Animations/Plants/WallNut/WallNut.controller
 1.2 kb	 0.0% Assets/Resources/Prefabs/PlantBullet/LeafKnife.prefab
 1.2 kb	 0.0% Assets/Resources/Prefabs/PlantBullet/FirePea.prefab
 1.1 kb	 0.0% Assets/Resources/Animations/Zombies/Ghost/Ghost.controller
 1.1 kb	 0.0% Assets/Resources/Prefabs/PlantBullet/PeaBullet.prefab
 1.1 kb	 0.0% Assets/Resources/Prefabs/UI/SpeechBubble.prefab
 1.1 kb	 0.0% Assets/Resources/Sprites/Imported/MarbleXu/README.md
 1.1 kb	 0.0% Assets/Resources/Animations/Plants/PeaShooterSingle/PeaShooterSingle.controller
 1.0 kb	 0.0% Assets/Resources/Animations/Plants/SnowKing/SnowKing.controller
 1.0 kb	 0.0% Assets/Resources/Animations/Plants/MiaoMiao/miaomiao.controller
 0.9 kb	 0.0% Assets/Resources/Prefabs/PlantBullet/SnowKingBullet4.prefab
 0.9 kb	 0.0% Assets/Resources/Prefabs/PlantBullet/SnowKingBullet3.prefab
 0.9 kb	 0.0% Assets/Resources/Prefabs/PlantBullet/SnowKingBullet2.prefab
 0.9 kb	 0.0% Assets/Resources/Prefabs/PlantBullet/SnowKingBullet1.prefab
 0.8 kb	 0.0% Assets/Resources/Prefabs/Sun/FlowerSun.prefab
 0.8 kb	 0.0% Assets/Resources/Prefabs/Sun/SkySun.prefab
 0.8 kb	 0.0% Assets/Resources/Prefabs/PlantBullet/ParasiticSeed.prefab
 0.8 kb	 0.0% Assets/Resources/Animations/PlantBullets/FirePea/FirePea.controller
 0.8 kb	 0.0% Assets/Resources/Prefabs/Sun/FullMoon.prefab
 0.8 kb	 0.0% Assets/Resources/Animations/Plants/Squash/SquashForDialog.controller
 0.7 kb	 0.0% Assets/Resources/Animations/UI/Introduce/Introduce.controller
 0.7 kb	 0.0% Assets/Resources/Animations/UI/BGMusic/Background.controller
 0.7 kb	 0.0% Assets/Resources/Scripts/Plants/ReadMe.txt
 0.5 kb	 0.0% Assets/Resources/Prefabs/PlantAppendages/SnowKingSongController.prefab
 0.4 kb	 0.0% Assets/Resources/Prefabs/UI/Effect/Effect_Amazed.prefab
 0.4 kb	 0.0% Assets/Resources/Animations/UI/Effect/Effect_Amazed/Effect_Amazed.controller
 0.4 kb	 0.0% Assets/Resources/Animations/Plants/TorchWood/Torchwood.controller
 0.4 kb	 0.0% Built-in Sprite: 
 0.4 kb	 0.0% Assets/Resources/Animations/Plants/SunFlower/SunFlower.controller
 0.4 kb	 0.0% Assets/Resources/Animations/Sun/Sun0001.controller
 0.3 kb	 0.0% Assets/Resources/Sprites/Zombies/IceBlockZombie/IceBlockZombie.spriteLib
 0.2 kb	 0.0% Packages/com.unity.multiplayer.center/Common/IOnboardingSectionAnalyticsProvider.cs
 0.2 kb	 0.0% Packages/com.unity.collections/Unity.Collections/GenerateTestsForBurstCompatibilityAttribute.cs
 0.2 kb	 0.0% Packages/com.unity.2d.animation/Runtime/BatchedDeformation/BoneTransformsChangeDetectionJob.cs
 0.1 kb	 0.0% Packages/com.unity.multiplayer.center/Common/SelectedSolutionsData.cs
 0.1 kb	 0.0% Packages/com.unity.collections/Unity.Collections/UnsafeParallelHashSetExtensions.gen.cs
 0.1 kb	 0.0% Packages/com.unity.collections/Unity.Collections/UnsafeParallelHashMap.cs
 0.1 kb	 0.0% Packages/com.unity.2d.animation/Runtime/SpriteSkinBoneBoundsUtility.cs
 0.1 kb	 0.0% Packages/com.unity.2d.animation/Runtime/BatchedDeformation/DeformationManagerUpdater.cs
 0.1 kb	 0.0% Packages/com.unity.2d.animation/IK/Runtime/Culling/SpriteSkinVisibilityCullingStrategy.cs
 0.1 kb	 0.0% Packages/com.unity.collections/Unity.Collections/UnsafeNotBurstCompatible.cs
 0.1 kb	 0.0% Packages/com.unity.ugui/Runtime/UGUI/EventSystem/UIElements/UIToolkitInteroperabilityBridge.cs
 0.1 kb	 0.0% Packages/com.unity.multiplayer.center/Common/IOnboardingSection.cs
 0.1 kb	 0.0% Packages/com.unity.collections/Unity.Collections/UnsafeScratchAllocator.cs
 0.1 kb	 0.0% Packages/com.unity.collections/Unity.Collections/NativeParallelHashMapExtensions.cs
 0.1 kb	 0.0% Packages/com.unity.2d.animation/Runtime/SpriteLib/SpriteLibrarySourceAsset.cs
 0.1 kb	 0.0% Packages/com.unity.2d.animation/Runtime/SpriteLib/SpriteLibraryData.cs
 0.1 kb	 0.0% Packages/com.unity.2d.animation/Runtime/SpriteLib/ISpriteLibraryCategory.cs
 0.1 kb	 0.0% Packages/com.unity.2d.animation/Runtime/BatchedDeformation/BaseDeformationSystem.cs
 0.1 kb	 0.0% Assets/Resources/Sprites/Zombies/NormalZombie/Zombie_Normal.spriteLib
 0.1 kb	 0.0% Packages/com.unity.ugui/Runtime/TMP/TMP_SpriteAssetImportFormats.cs
 0.1 kb	 0.0% Packages/com.unity.timeline/Runtime/Animation/AnimationPreviewUpdateCallback.cs
 0.1 kb	 0.0% Packages/com.unity.timeline/Runtime/Animation/AnimationOutputWeightProcessor.cs
 0.1 kb	 0.0% Packages/com.unity.multiplayer.center/Common/StyleConstants.cs
 0.1 kb	 0.0% Packages/com.unity.collections/Unity.Collections/UnsafeAtomicCounter.cs
 0.1 kb	 0.0% Packages/com.unity.2d.spriteshape/Runtime/SpriteShapeObjectPlacement.cs
 0.1 kb	 0.0% Packages/com.unity.2d.spriteshape/Runtime/SpriteShapeGeometryModifier.cs
 0.1 kb	 0.0% Packages/com.unity.2d.spriteshape/Runtime/SpriteShapeGeometryCreator.cs
 0.1 kb	 0.0% Packages/com.unity.2d.spriteshape/Runtime/SpriteShapeDefaultCreator.cs
 0.1 kb	 0.0% Packages/com.unity.2d.common/Runtime/InternalBridge/InternalEngineBridge.cs
 0.1 kb	 0.0% Packages/com.unity.2d.animation/Runtime/2DAnimationConstants.cs
 0.1 kb	 0.0% Assets/Resources/Sprites/Zombies/SnowZombie/SnowZombie.spriteLib
 0.1 kb	 0.0% Packages/com.unity.ugui/Runtime/UGUI/UI/Core/Layout/HorizontalOrVerticalLayoutGroup.cs
 0.1 kb	 0.0% Packages/com.unity.collections/Unity.Collections/UnsafeUtilityEx.cs
 0.1 kb	 0.0% Packages/com.unity.collections/Unity.Collections/UnsafeAppendBuffer.cs
 0.1 kb	 0.0% Packages/com.unity.collections/Unity.Collections/NativeParallelHashSetExtensions.gen.cs
 0.1 kb	 0.0% Packages/com.unity.collections/Unity.Collections/Jobs/RegisterGenericJobTypeAttribute.cs
 0.1 kb	 0.0% Packages/com.unity.collections/Unity.Collections/DoubleRewindableAllocators.cs
 0.1 kb	 0.0% Packages/com.unity.collections/Unity.Collections/DataStreamExtensions.cs
 0.1 kb	 0.0% Packages/com.unity.2d.pixel-perfect/Runtime/PixelPerfectCameraInternal.cs
 0.1 kb	 0.0% Packages/com.unity.2d.common/Runtime/InternalBridge/IAnimationPreviewable.cs
 0.1 kb	 0.0% Packages/com.unity.2d.animation/Runtime/SpriteSkinUtility.cs
 0.1 kb	 0.0% Packages/com.unity.2d.animation/Runtime/SpriteSkinHelpers.cs
 0.1 kb	 0.0% Packages/com.unity.2d.animation/Runtime/SpriteSkinContainer.cs
 0.1 kb	 0.0% Packages/com.unity.2d.animation/Runtime/SpriteLib/SpriteLibraryUtility.cs
 0.1 kb	 0.0% Packages/com.unity.2d.animation/Runtime/SpriteLib/SpriteLibraryAsset.cs
 0.1 kb	 0.0% Packages/com.unity.2d.animation/Runtime/SpriteLib/ISpriteLibraryLabel.cs
 0.1 kb	 0.0% Packages/com.unity.2d.animation/Runtime/NativeArrayHelper.cs
 0.1 kb	 0.0% Packages/com.unity.2d.animation/Runtime/BatchedDeformation/TransformAccessJob.cs
 0.1 kb	 0.0% Packages/com.unity.2d.animation/Runtime/BatchedDeformation/GpuDeformationSystem.cs
 0.1 kb	 0.0% Packages/com.unity.2d.animation/Runtime/BatchedDeformation/DeformationManager.cs
 0.1 kb	 0.0% Packages/com.unity.2d.animation/Runtime/BatchedDeformation/CpuDeformationSystem.cs
 0.1 kb	 0.0% Packages/com.unity.2d.animation/IK/Runtime/Culling/AlwaysUpdateCullingStrategy.cs
 0.1 kb	 0.0% Assets/Resources/Sprites/Zombies/ChineseZombie/ChineseZombie.spriteLib
 0.1 kb	 0.0% Packages/com.unity.ugui/Runtime/TMP/TMP_DynamicFontAssetUtilities.cs
 0.1 kb	 0.0% Packages/com.unity.timeline/Runtime/Utilities/AnimationPreviewUtilities.cs
 0.1 kb	 0.0% Packages/com.unity.timeline/Runtime/Playables/TimeNotificationBehaviour.cs
 0.1 kb	 0.0% Packages/com.unity.timeline/Runtime/Playables/ActivationControlPlayable.cs
 0.1 kb	 0.0% Packages/com.unity.timeline/Runtime/Events/INotificationOptionProvider.cs
 0.1 kb	 0.0% Packages/com.unity.collections/Unity.Collections/NativeNotBurstCompatible.cs
 0.1 kb	 0.0% Packages/com.unity.2d.spriteshape/Runtime/SpriteShapeController.cs
 0.1 kb	 0.0% Packages/com.unity.2d.spriteshape/Runtime/External/LibTessDotNet/MeshUtils.cs
 0.1 kb	 0.0% Packages/com.unity.ugui/Runtime/UGUI/EventSystem/UIElements/WorldDocumentRaycaster.cs
 0.1 kb	 0.0% Packages/com.unity.ugui/Runtime/UGUI/EventSystem/InputModules/StandaloneInputModule.cs
 0.1 kb	 0.0% Packages/com.unity.multiplayer.center/Common/AnswerData.cs
 0.1 kb	 0.0% Packages/com.unity.collections/Unity.Collections/UnsafeBitArray.cs
 0.1 kb	 0.0% Packages/com.unity.collections/Unity.Collections/UTF8ArrayUnsafeUtility.cs
 0.1 kb	 0.0% Packages/com.unity.collections/Unity.Collections/StreamCompressionModel.cs
 0.1 kb	 0.0% Packages/com.unity.collections/Unity.Collections/NativeArrayExtensions.cs
 0.1 kb	 0.0% Packages/com.unity.collections/Unity.Collections/FixedStringInternalMethods.cs
 0.1 kb	 0.0% Packages/com.unity.collections/Unity.Collections/FixedStringFormatMethods.gen.cs
 0.1 kb	 0.0% Packages/com.unity.burst/Runtime/CompilerServices/SkipLocalsInitAttribute.cs
 0.1 kb	 0.0% Packages/com.unity.burst/Runtime/CompilerServices/IgnoreWarningAttribute.cs
 0.1 kb	 0.0% Packages/com.unity.ai.navigation/Runtime/NavMeshModifierVolume.cs
 0.1 kb	 0.0% Packages/com.unity.2d.spriteshape/Runtime/External/LibTessDotNet/PriorityHeap.cs
 0.1 kb	 0.0% Packages/com.unity.2d.pixel-perfect/Runtime/CinemachinePixelPerfect.cs
 0.1 kb	 0.0% Packages/com.unity.2d.animation/Runtime/SpriteLib/SpriteResolver.cs
 0.1 kb	 0.0% Packages/com.unity.2d.animation/Runtime/SpriteLib/SpriteLibrary.cs
 0.1 kb	 0.0% Packages/com.unity.2d.animation/Runtime/SkeletonAsset.cs
 0.1 kb	 0.0% Packages/com.unity.2d.animation/Runtime/MeshUtilities.cs
 0.1 kb	 0.0% Packages/com.unity.2d.animation/Runtime/BufferManager.cs
 0.1 kb	 0.0% Packages/com.unity.2d.animation/Runtime/BatchedDeformation/UpdateBoundsJob.cs
 0.1 kb	 0.0% Packages/com.unity.2d.animation/Runtime/BatchedDeformation/DeformationJobs.cs
 0.1 kb	 0.0% Packages/com.unity.2d.animation/IK/Runtime/Solver2DMenuAttribute.cs
 0.1 kb	 0.0% Packages/com.unity.ugui/Runtime/TMP/TMP_ScrollbarEventHandler.cs
 0.1 kb	 0.0% Packages/com.unity.ugui/Runtime/TMP/TMP_PackageResourceImporter.cs
 0.1 kb	 0.0% Packages/com.unity.ugui/Runtime/InternalBridge/ObjectUtilsBridge.cs
 0.1 kb	 0.0% Packages/com.unity.timeline/Runtime/Utilities/TimelineCreateUtilities.cs
 0.1 kb	 0.0% Packages/com.unity.timeline/Runtime/Utilities/TimelineClipExtensions.cs
 0.1 kb	 0.0% Packages/com.unity.timeline/Runtime/Utilities/NotificationUtilities.cs
 0.1 kb	 0.0% Packages/com.unity.timeline/Runtime/Playables/PrefabControlPlayable.cs
 0.1 kb	 0.0% Packages/com.unity.timeline/Runtime/Playables/ParticleControlPlayable.cs
 0.1 kb	 0.0% Packages/com.unity.timeline/Runtime/Playables/DirectorControlPlayable.cs
 0.1 kb	 0.0% Packages/com.unity.timeline/Runtime/Events/Signals/CustomSignalEventDrawer.cs
 0.1 kb	 0.0% Packages/com.unity.timeline/Runtime/Attributes/TimelineHelpURLAttribute.cs
 0.1 kb	 0.0% Packages/com.unity.timeline/Runtime/Animation/AnimationPlayableAsset.cs
 0.1 kb	 0.0% Packages/com.unity.timeline/Runtime/Activation/ActivationPlayableAsset.cs
 0.1 kb	 0.0% Packages/com.unity.timeline/Runtime/Activation/ActivationMixerPlayable.cs
 0.1 kb	 0.0% Packages/com.unity.collections/Unity.Collections/UnsafeList.cs
 0.1 kb	 0.0% Packages/com.unity.collections/Unity.Collections/FixedStringParseMethods.cs
 0.1 kb	 0.0% Packages/com.unity.collections/Unity.Collections/FixedStringAppendMethods.cs
 0.1 kb	 0.0% Packages/com.unity.2d.spriteshape/Runtime/SpriteShapeGenerator.cs
 0.1 kb	 0.0% Packages/com.unity.ugui/Runtime/UGUI/UI/Core/Utility/ReflectionMethodsCache.cs
 0.1 kb	 0.0% Packages/com.unity.ugui/Runtime/UGUI/UI/Core/MultipleDisplayUtilities.cs
 0.1 kb	 0.0% Packages/com.unity.ugui/Runtime/UGUI/UI/Core/Layout/HorizontalLayoutGroup.cs
 0.1 kb	 0.0% Packages/com.unity.ugui/Runtime/UGUI/UI/Core/IGraphicEnabledDisabled.cs
 0.1 kb	 0.0% Packages/com.unity.ugui/Runtime/UGUI/UI/Core/GraphicRebuildTracker.cs
 0.1 kb	 0.0% Packages/com.unity.ugui/Runtime/UGUI/UI/Core/Culling/RectangularVertexClipper.cs
 0.1 kb	 0.0% Packages/com.unity.ugui/Runtime/UGUI/EventSystem/UIElements/PanelEventHandler.cs
 0.1 kb	 0.0% Packages/com.unity.ugui/Runtime/UGUI/EventSystem/Raycasters/Physics2DRaycaster.cs
 0.1 kb	 0.0% Packages/com.unity.ugui/Runtime/UGUI/EventSystem/InputModules/PointerInputModule.cs
 0.1 kb	 0.0% Packages/com.unity.timeline/Runtime/TimelinePlayable_Animation.cs
 0.1 kb	 0.0% Packages/com.unity.timeline/Runtime/TimelineAttributes.cs
 0.1 kb	 0.0% Packages/com.unity.timeline/Runtime/Playables/BasicScriptPlayable.cs
 0.1 kb	 0.0% Packages/com.unity.collections/Unity.Collections/UnsafeText.cs
 0.1 kb	 0.0% Packages/com.unity.collections/Unity.Collections/UnsafeStream.cs
 0.1 kb	 0.0% Packages/com.unity.collections/Unity.Collections/RewindableAllocator.cs
 0.1 kb	 0.0% Packages/com.unity.collections/Unity.Collections/FixedStringMethods.cs
 0.1 kb	 0.0% Packages/com.unity.collections/Unity.Collections/AutoFreeAllocator.cs
 0.1 kb	 0.0% Packages/com.unity.burst/Runtime/CompilerServices/AssumeRangeAttribute.cs
 0.1 kb	 0.0% Packages/com.unity.2d.spriteshape/Runtime/External/LibTessDotNet/Sweep.cs
 0.1 kb	 0.0% Packages/com.unity.2d.pixel-perfect/Runtime/PixelPerfectCamera.cs
 0.1 kb	 0.0% Packages/com.unity.2d.animation/Runtime/UpdateOrder.cs
 0.1 kb	 0.0% Packages/com.unity.2d.animation/Runtime/SpriteSkin.cs
 0.1 kb	 0.0% Packages/com.unity.2d.animation/Runtime/IconUtility.cs
 0.1 kb	 0.0% Packages/com.unity.2d.animation/IK/Runtime/Culling/BaseCullingStrategy.cs
 0.1 kb	 0.0% Assets/Resources/Scripts/PlantBullets/Base/StraightBulletAnimationSwitch.cs
 0.1 kb	 0.0% Packages/com.unity.ugui/Runtime/UGUI/UI/Animation/CoroutineTween.cs
 0.1 kb	 0.0% Packages/com.unity.ugui/Runtime/UGUI/EventSystem/EventInterfaces.cs
 0.1 kb	 0.0% Packages/com.unity.ugui/Runtime/TMP/TMPro_ExtensionMethods.cs
 0.1 kb	 0.0% Packages/com.unity.ugui/Runtime/TMP/TMP_TextParsingUtilities.cs
 0.1 kb	 0.0% Packages/com.unity.ugui/Runtime/TMP/TMP_TextElement_Legacy.cs
 0.1 kb	 0.0% Packages/com.unity.ugui/Runtime/TMP/TMP_FontAssetUtilities.cs
 0.1 kb	 0.0% Packages/com.unity.ugui/Runtime/TMP/MaterialReferenceManager.cs
 0.1 kb	 0.0% Packages/com.unity.ugui/Runtime/TMP/FontFeatureCommonGSUB.cs
 0.1 kb	 0.0% Packages/com.unity.timeline/Runtime/Utilities/IPropertyCollector.cs
 0.1 kb	 0.0% Packages/com.unity.timeline/Runtime/Utilities/AnimatorBindingCache.cs
 0.1 kb	 0.0% Packages/com.unity.timeline/Runtime/Playables/TimeControlPlayable.cs
 0.1 kb	 0.0% Packages/com.unity.timeline/Runtime/Extensions/SelectionExtensions.cs
 0.1 kb	 0.0% Packages/com.unity.timeline/Runtime/Evaluation/ScheduleRuntimeClip.cs
 0.1 kb	 0.0% Packages/com.unity.timeline/Runtime/Evaluation/InfiniteRuntimeClip.cs
 0.1 kb	 0.0% Packages/com.unity.timeline/Runtime/Control/ControlPlayableAsset.cs
 0.1 kb	 0.0% Packages/com.unity.timeline/Runtime/Audio/AudioPlayableAsset.cs
 0.1 kb	 0.0% Packages/com.unity.timeline/Runtime/Audio/AudioMixerProperties.cs
 0.1 kb	 0.0% Packages/com.unity.timeline/Runtime/Audio/AudioClipProperties.cs
 0.1 kb	 0.0% Packages/com.unity.timeline/Runtime/Attributes/TrackColorAttribute.cs
 0.1 kb	 0.0% Packages/com.unity.collections/Unity.Collections/UnsafeQueue.cs
 0.1 kb	 0.0% Packages/com.unity.collections/Unity.Collections/NativeHashMap.cs
 0.1 kb	 0.0% Packages/com.unity.collections/Unity.Collections/FixedStringFormat.gen.cs
 0.1 kb	 0.0% Packages/com.unity.collections/Unity.Collections/FixedString.gen.cs
 0.1 kb	 0.0% Packages/com.unity.2d.spriteshape/Runtime/SpriteShapeGeometryCache.cs
 0.1 kb	 0.0% Packages/com.unity.2d.spriteshape/Runtime/SplineUtility.cs
 0.1 kb	 0.0% Packages/com.unity.2d.spriteshape/Runtime/External/LibTessDotNet/Tess.cs
 0.1 kb	 0.0% Packages/com.unity.2d.spriteshape/Runtime/External/LibTessDotNet/Mesh.cs
 0.1 kb	 0.0% Packages/com.unity.2d.spriteshape/Runtime/External/LibTessDotNet/Geom.cs
 0.1 kb	 0.0% Packages/com.unity.2d.spriteshape/Runtime/BezierUtility.cs
 0.1 kb	 0.0% Packages/com.unity.2d.common/Runtime/UTess2D/Tessellator.cs
 0.1 kb	 0.0% Packages/com.unity.2d.common/Runtime/UTess2D/PlanarGraph.cs
 0.1 kb	 0.0% Packages/com.unity.ugui/Runtime/UGUI/UI/Core/SetPropertyUtility.cs
 0.1 kb	 0.0% Packages/com.unity.ugui/Runtime/UGUI/UI/Core/MaterialModifiers/IMaterialModifier.cs
 0.1 kb	 0.0% Packages/com.unity.ugui/Runtime/UGUI/UI/Core/Layout/VerticalLayoutGroup.cs
 0.1 kb	 0.0% Packages/com.unity.ugui/Runtime/UGUI/UI/Core/Layout/ContentSizeFitter.cs
 0.1 kb	 0.0% Packages/com.unity.ugui/Runtime/UGUI/UI/Core/Layout/AspectRatioFitter.cs
 0.1 kb	 0.0% Packages/com.unity.ugui/Runtime/UGUI/UI/Core/FontUpdateTracker.cs
 0.1 kb	 0.0% Packages/com.unity.ugui/Runtime/UGUI/UI/Core/CanvasUpdateRegistry.cs
 0.1 kb	 0.0% Packages/com.unity.ugui/Runtime/UGUI/UI/Core/AnimationTriggers.cs
 0.1 kb	 0.0% Packages/com.unity.ugui/Runtime/UGUI/EventSystem/UIElements/PanelRaycaster.cs
 0.1 kb	 0.0% Packages/com.unity.ugui/Runtime/UGUI/EventSystem/Raycasters/PhysicsRaycaster.cs
 0.1 kb	 0.0% Packages/com.unity.ugui/Runtime/UGUI/EventSystem/Raycasters/BaseRaycaster.cs
 0.1 kb	 0.0% Packages/com.unity.ugui/Runtime/UGUI/EventSystem/RaycasterManager.cs
 0.1 kb	 0.0% Packages/com.unity.ugui/Runtime/UGUI/EventSystem/RaycastResult.cs
 0.1 kb	 0.0% Packages/com.unity.ugui/Runtime/UGUI/EventSystem/InputModules/TouchInputModule.cs
 0.1 kb	 0.0% Packages/com.unity.ugui/Runtime/UGUI/EventSystem/InputModules/BaseInputModule.cs
 0.1 kb	 0.0% Packages/com.unity.ugui/Runtime/UGUI/EventSystem/ExecuteEvents.cs
 0.1 kb	 0.0% Packages/com.unity.ugui/Runtime/UGUI/EventSystem/EventData/PointerEventData.cs
 0.1 kb	 0.0% Packages/com.unity.ugui/Runtime/UGUI/EventSystem/EventData/BaseEventData.cs
 0.1 kb	 0.0% Packages/com.unity.ugui/Runtime/UGUI/EventSystem/EventData/AxisEventData.cs
 0.1 kb	 0.0% Packages/com.unity.ugui/Runtime/TMP/TMP_TextProcessingStack.cs
 0.1 kb	 0.0% Packages/com.unity.ugui/Runtime/TMP/TMP_FontFeaturesCommon.cs
 0.1 kb	 0.0% Packages/com.unity.timeline/Runtime/Extensions/TrackExtensions.cs
 0.1 kb	 0.0% Packages/com.unity.timeline/Runtime/ClipCaps.cs
 0.1 kb	 0.0% Packages/com.unity.collections/Unity.Collections/xxHash3.StreamingState.cs
 0.1 kb	 0.0% Packages/com.unity.collections/Unity.Collections/NativeSort.cs
 0.1 kb	 0.0% Packages/com.unity.collections/Unity.Collections/NativeBitArray.cs
 0.1 kb	 0.0% Packages/com.unity.collections/Unity.Collections/ListExtensions.cs
 0.1 kb	 0.0% Packages/com.unity.collections/Unity.Collections/Jobs/IJobParallelForDefer.cs
 0.1 kb	 0.0% Packages/com.unity.collections/Unity.Collections/Jobs/IJobParallelForBatch.cs
 0.1 kb	 0.0% Packages/com.unity.collections/Unity.Collections/FixedStringUtils.cs
 0.1 kb	 0.0% Packages/com.unity.collections/Unity.Collections/DataStreamWriter.cs
 0.1 kb	 0.0% Packages/com.unity.collections/Unity.Collections/DataStreamReader.cs
 0.1 kb	 0.0% Packages/com.unity.collections/Unity.Collections/ConcurrentMask.cs
 0.1 kb	 0.0% Packages/com.unity.collections/Unity.Collections/CollectionHelper.cs
 0.1 kb	 0.0% Packages/com.unity.collections/Unity.Collections/AllocatorManager.cs
 0.1 kb	 0.0% Packages/com.unity.burst/Runtime/SafeStringArrayHelper.cs
 0.1 kb	 0.0% Packages/com.unity.burst/Runtime/Editor/BurstEditorOptions.cs
 0.1 kb	 0.0% Packages/com.unity.burst/Runtime/Editor/BurstCompileTarget.cs
 0.1 kb	 0.0% Packages/com.unity.burst/Runtime/Editor/BurstAssemblyDisable.cs
 0.1 kb	 0.0% Packages/com.unity.burst/Runtime/BurstCompileAttribute.cs
 0.1 kb	 0.0% Packages/com.unity.ai.navigation/Runtime/NavMeshSurface.cs
 0.1 kb	 0.0% Packages/com.unity.ai.navigation/Runtime/NavMeshModifier.cs
 0.1 kb	 0.0% Packages/com.unity.2d.common/Runtime/UTess2D/UHull.cs
 0.1 kb	 0.0% Packages/com.unity.2d.common/Runtime/URaster2D/URaster.cs
 0.1 kb	 0.0% Packages/com.unity.2d.animation/IK/Runtime/IKMathUtility.cs
 0.1 kb	 0.0% Packages/com.unity.2d.animation/IK/Runtime/FabrikSolver2D.cs
 0.1 kb	 0.0% Packages/com.unity.2d.animation/IK/Runtime/Culling/CullingManager.cs
 0.1 kb	 0.0% Packages/com.unity.ugui/Runtime/TMP/TMPro_EventManager.cs
 0.1 kb	 0.0% Packages/com.unity.ugui/Runtime/TMP/TMP_UpdateRegistery.cs
 0.1 kb	 0.0% Packages/com.unity.ugui/Runtime/TMP/TMP_UpdateManager.cs
 0.1 kb	 0.0% Packages/com.unity.ugui/Runtime/TMP/TMP_TextUtilities.cs
 0.1 kb	 0.0% Packages/com.unity.ugui/Runtime/TMP/TMP_TextProcessingCommon.cs
 0.1 kb	 0.0% Packages/com.unity.ugui/Runtime/TMP/TMP_SpriteCharacter.cs
 0.1 kb	 0.0% Packages/com.unity.ugui/Runtime/TMP/TMP_SpriteAnimator.cs
 0.1 kb	 0.0% Packages/com.unity.ugui/Runtime/TMP/TMP_SelectionCaret.cs
 0.1 kb	 0.0% Packages/com.unity.ugui/Runtime/TMP/TMP_ResourcesManager.cs
 0.1 kb	 0.0% Packages/com.unity.ugui/Runtime/TMP/TMP_MaterialManager.cs
 0.1 kb	 0.0% Packages/com.unity.ugui/Runtime/TMP/TMP_InputValidator.cs
 0.1 kb	 0.0% Packages/com.unity.ugui/Runtime/TMP/TMP_FontFeatureTable.cs
 0.1 kb	 0.0% Packages/com.unity.ugui/Runtime/TMP/TMP_DefaultControls.cs
 0.1 kb	 0.0% Packages/com.unity.ugui/Runtime/TMP/TMP_Compatibility.cs
 0.1 kb	 0.0% Packages/com.unity.ugui/Runtime/TMP/TMP_ColorGradient.cs
 0.1 kb	 0.0% Packages/com.unity.ugui/Runtime/TMP/TMP_CharacterInfo.cs
 0.1 kb	 0.0% Packages/com.unity.ugui/Runtime/TMP/ITextPreProcessor.cs
 0.1 kb	 0.0% Packages/com.unity.ugui/Runtime/TMP/FontFeatureCommonGPOS.cs
 0.1 kb	 0.0% Packages/com.unity.ugui/Runtime/InternalBridge/TMPHelpURL.cs
 0.1 kb	 0.0% Packages/com.unity.timeline/Runtime/Utilities/WeightUtility.cs
 0.1 kb	 0.0% Packages/com.unity.timeline/Runtime/Utilities/IPropertyPreview.cs
 0.1 kb	 0.0% Packages/com.unity.timeline/Runtime/Utilities/Extrapolation.cs
 0.1 kb	 0.0% Packages/com.unity.timeline/Runtime/TimelinePlayable.cs
 0.1 kb	 0.0% Packages/com.unity.timeline/Runtime/TimelineAsset.cs
 0.1 kb	 0.0% Packages/com.unity.timeline/Runtime/Scripting/PlayableTrack.cs
 0.1 kb	 0.0% Packages/com.unity.timeline/Runtime/Events/Signals/SignalReceiver.cs
 0.1 kb	 0.0% Packages/com.unity.timeline/Runtime/Events/Signals/SignalEmitter.cs
 0.1 kb	 0.0% Packages/com.unity.timeline/Runtime/Evaluation/RuntimeElement.cs
 0.1 kb	 0.0% Packages/com.unity.timeline/Runtime/Evaluation/RuntimeClipBase.cs
 0.1 kb	 0.0% Packages/com.unity.timeline/Runtime/CurveEditUtility.cs
 0.1 kb	 0.0% Packages/com.unity.timeline/Runtime/Animation/AnimationTrack.cs
 0.1 kb	 0.0% Packages/com.unity.timeline/Runtime/Activation/ActivationTrack.cs
 0.1 kb	 0.0% Packages/com.unity.collections/Unity.Collections/NativeText.gen.cs
 0.1 kb	 0.0% Packages/com.unity.collections/Unity.Collections/FixedList.gen.cs
 0.1 kb	 0.0% Packages/com.unity.2d.spriteshape/Runtime/SpriteShape.cs
 0.1 kb	 0.0% Packages/com.unity.2d.common/Runtime/UTess2D/UTess.cs
 0.1 kb	 0.0% Packages/com.unity.2d.common/Runtime/UTess2D/Smoothen.cs
 0.1 kb	 0.0% Packages/com.unity.2d.common/Runtime/UTess2D/Refinery.cs
 0.1 kb	 0.0% Packages/com.unity.2d.common/Runtime/UAi2D/KMeans.cs
 0.1 kb	 0.0% Packages/com.unity.ugui/Runtime/UGUI/UI/Core/VertexModifiers/PositionAsUV1.cs
 0.1 kb	 0.0% Packages/com.unity.ugui/Runtime/UGUI/UI/Core/VertexModifiers/IMeshModifier.cs
 0.1 kb	 0.0% Packages/com.unity.ugui/Runtime/UGUI/UI/Core/VertexModifiers/BaseMeshEffect.cs
 0.1 kb	 0.0% Packages/com.unity.ugui/Runtime/UGUI/UI/Core/StencilMaterial.cs
 0.1 kb	 0.0% Packages/com.unity.ugui/Runtime/UGUI/UI/Core/RaycastReceiver.cs
 0.1 kb	 0.0% Packages/com.unity.ugui/Runtime/UGUI/UI/Core/MaskableGraphic.cs
 0.1 kb	 0.0% Packages/com.unity.ugui/Runtime/UGUI/UI/Core/MaskUtilities.cs
 0.1 kb	 0.0% Packages/com.unity.ugui/Runtime/UGUI/UI/Core/Layout/LayoutUtility.cs
 0.1 kb	 0.0% Packages/com.unity.ugui/Runtime/UGUI/UI/Core/Layout/LayoutRebuilder.cs
 0.1 kb	 0.0% Packages/com.unity.ugui/Runtime/UGUI/UI/Core/Layout/LayoutElement.cs
 0.1 kb	 0.0% Packages/com.unity.ugui/Runtime/UGUI/UI/Core/Layout/ILayoutElement.cs
 0.1 kb	 0.0% Packages/com.unity.ugui/Runtime/UGUI/UI/Core/Layout/GridLayoutGroup.cs
 0.1 kb	 0.0% Packages/com.unity.ugui/Runtime/UGUI/UI/Core/GraphicRegistry.cs
 0.1 kb	 0.0% Packages/com.unity.ugui/Runtime/UGUI/UI/Core/GraphicRaycaster.cs
 0.1 kb	 0.0% Packages/com.unity.ugui/Runtime/UGUI/UI/Core/DefaultControls.cs
 0.1 kb	 0.0% Packages/com.unity.ugui/Runtime/UGUI/UI/Core/Culling/ClipperRegistry.cs
 0.1 kb	 0.0% Packages/com.unity.ugui/Runtime/UGUI/EventSystem/UIBehaviour.cs
 0.1 kb	 0.0% Packages/com.unity.ugui/Runtime/UGUI/EventSystem/InputModules/BaseInput.cs
 0.1 kb	 0.0% Packages/com.unity.ugui/Runtime/UGUI/EventSystem/EventTrigger.cs
 0.1 kb	 0.0% Packages/com.unity.ugui/Runtime/UGUI/EventSystem/EventSystem.cs
 0.1 kb	 0.0% Packages/com.unity.ugui/Runtime/TMP/TMPro_MeshUtilities.cs
 0.1 kb	 0.0% Packages/com.unity.ugui/Runtime/TMP/TMP_ShaderUtilities.cs
 0.1 kb	 0.0% Packages/com.unity.ugui/Runtime/TMP/TMP_RichTextTagsCommon.cs
 0.1 kb	 0.0% Packages/com.unity.ugui/Runtime/TMP/TMP_FontAssetCommon.cs
 0.1 kb	 0.0% Packages/com.unity.collections/Unity.Collections/UIntFloat.cs
 0.1 kb	 0.0% Packages/com.unity.collections/Unity.Collections/NativeStream.cs
 0.1 kb	 0.0% Packages/com.unity.collections/Unity.Collections/Jobs/EarlyInitHelpers.cs
 0.1 kb	 0.0% Packages/com.unity.burst/Runtime/Intrinsics/SimdDebugViews.cs
 0.1 kb	 0.0% Packages/com.unity.burst/Runtime/Editor/BurstReflection.cs
 0.1 kb	 0.0% Packages/com.unity.burst/Runtime/BurstCompilerOptions.cs
 0.1 kb	 0.0% Packages/com.unity.ai.navigation/Runtime/NavMeshLink.cs
 0.1 kb	 0.0% Packages/com.unity.2d.animation/Runtime/Bone.cs
 0.1 kb	 0.0% Packages/com.unity.2d.animation/IK/Runtime/LimbSolver2D.cs
 0.1 kb	 0.0% Packages/com.unity.2d.animation/IK/Runtime/IconUtility.cs
 0.1 kb	 0.0% Packages/com.unity.2d.animation/IK/Runtime/IKUtility.cs
 0.1 kb	 0.0% Packages/com.unity.2d.animation/IK/Runtime/IKManager2D.cs
 0.1 kb	 0.0% Packages/com.unity.2d.animation/IK/Runtime/IKChain2D.cs
 0.1 kb	 0.0% Packages/com.unity.2d.animation/IK/Runtime/CCDSolver2D.cs
 0.1 kb	 0.0% Assets/Resources/Scripts/Zombies/ImportedZombieRuntime.cs
 0.1 kb	 0.0% Assets/Resources/Scripts/UI/StartupSkipController.cs
 0.1 kb	 0.0% Assets/Resources/Scripts/UI/PresentationBootstrap.cs
 0.1 kb	 0.0% Assets/Resources/Scripts/UI/PlantSelectionOverlay.cs
 0.1 kb	 0.0% Packages/com.unity.ugui/Runtime/TMP/TextMeshProUGUI.cs
 0.1 kb	 0.0% Packages/com.unity.ugui/Runtime/TMP/TextContainer.cs
 0.1 kb	 0.0% Packages/com.unity.ugui/Runtime/TMP/TMP_TextElement.cs
 0.1 kb	 0.0% Packages/com.unity.ugui/Runtime/TMP/TMP_SubMeshUI.cs
 0.1 kb	 0.0% Packages/com.unity.ugui/Runtime/TMP/TMP_StyleSheet.cs
 0.1 kb	 0.0% Packages/com.unity.ugui/Runtime/TMP/TMP_SpriteGlyph.cs
 0.1 kb	 0.0% Packages/com.unity.ugui/Runtime/TMP/TMP_SpriteAsset.cs
 0.1 kb	 0.0% Packages/com.unity.ugui/Runtime/TMP/TMP_InputField.cs
 0.1 kb	 0.0% Packages/com.unity.ugui/Runtime/TMP/TMP_FontAsset.cs
 0.1 kb	 0.0% Packages/com.unity.ugui/Runtime/TMP/TMP_CoroutineTween.cs
 0.1 kb	 0.0% Packages/com.unity.ugui/Runtime/TMP/TMP_Character.cs
 0.1 kb	 0.0% Packages/com.unity.timeline/Runtime/Utilities/TimelineUndo.cs
 0.1 kb	 0.0% Packages/com.unity.timeline/Runtime/Utilities/TimeUtility.cs
 0.1 kb	 0.0% Packages/com.unity.timeline/Runtime/Utilities/HashUtility.cs
 0.1 kb	 0.0% Packages/com.unity.timeline/Runtime/Utilities/BlendUtility.cs
 0.1 kb	 0.0% Packages/com.unity.timeline/Runtime/TrackAsset.cs
 0.1 kb	 0.0% Packages/com.unity.timeline/Runtime/TimelineClip.cs
 0.1 kb	 0.0% Packages/com.unity.timeline/Runtime/Playables/ITimeControl.cs
 0.1 kb	 0.0% Packages/com.unity.timeline/Runtime/ILayerable.cs
 0.1 kb	 0.0% Packages/com.unity.timeline/Runtime/GroupTrack.cs
 0.1 kb	 0.0% Packages/com.unity.timeline/Runtime/Events/Signals/SignalAsset.cs
 0.1 kb	 0.0% Packages/com.unity.timeline/Runtime/Events/SignalTrack.cs
 0.1 kb	 0.0% Packages/com.unity.timeline/Runtime/Events/MarkerTrack.cs
 0.1 kb	 0.0% Packages/com.unity.timeline/Runtime/Events/MarkerList.cs
 0.1 kb	 0.0% Packages/com.unity.timeline/Runtime/Evaluation/RuntimeClip.cs
 0.1 kb	 0.0% Packages/com.unity.timeline/Runtime/Evaluation/IntervalTree.cs
 0.1 kb	 0.0% Packages/com.unity.timeline/Runtime/DiscreteTime.cs
 0.1 kb	 0.0% Packages/com.unity.timeline/Runtime/Control/ControlTrack.cs
 0.1 kb	 0.0% Packages/com.unity.timeline/Runtime/Audio/AudioTrack.cs
 0.1 kb	 0.0% Packages/com.unity.timeline/Runtime/AssetUpgrade/ClipUpgrade.cs
 0.1 kb	 0.0% Packages/com.unity.timeline/Runtime/Animation/ICurvesOwner.cs
 0.1 kb	 0.0% Packages/com.unity.collections/Unity.Collections/xxHash3.AVX2.cs
 0.1 kb	 0.0% Packages/com.unity.burst/Runtime/Intrinsics/Arm/NEON_AArch64_rdma.cs
 0.1 kb	 0.0% Packages/com.unity.burst/Runtime/Intrinsics/Arm/NEON_AArch64_dotprod.cs
 0.1 kb	 0.0% Packages/com.unity.burst/Runtime/Intrinsics/Arm/NEON_AArch64_crypto.cs
 0.1 kb	 0.0% Packages/com.unity.2d.spriteshape/Runtime/Spline.cs
 0.1 kb	 0.0% Packages/com.unity.ugui/Runtime/UGUI/UI/Core/Utility/VertexHelper.cs
 0.1 kb	 0.0% Packages/com.unity.ugui/Runtime/UGUI/UI/Core/ToggleGroup.cs
 0.1 kb	 0.0% Packages/com.unity.ugui/Runtime/UGUI/UI/Core/SpriteState.cs
 0.1 kb	 0.0% Packages/com.unity.ugui/Runtime/UGUI/UI/Core/Selectable.cs
 0.1 kb	 0.0% Packages/com.unity.ugui/Runtime/UGUI/UI/Core/Scrollbar.cs
 0.1 kb	 0.0% Packages/com.unity.ugui/Runtime/UGUI/UI/Core/ScrollRect.cs
 0.1 kb	 0.0% Packages/com.unity.ugui/Runtime/UGUI/UI/Core/RectMask2D.cs
 0.1 kb	 0.0% Packages/com.unity.ugui/Runtime/UGUI/UI/Core/Navigation.cs
 0.1 kb	 0.0% Packages/com.unity.ugui/Runtime/UGUI/UI/Core/Layout/LayoutGroup.cs
 0.1 kb	 0.0% Packages/com.unity.ugui/Runtime/UGUI/UI/Core/Layout/CanvasScaler.cs
 0.1 kb	 0.0% Packages/com.unity.ugui/Runtime/UGUI/UI/Core/InputField.cs
 0.1 kb	 0.0% Packages/com.unity.ugui/Runtime/UGUI/UI/Core/IMaskable.cs
 0.1 kb	 0.0% Packages/com.unity.ugui/Runtime/UGUI/UI/Core/ColorBlock.cs
 0.1 kb	 0.0% Packages/com.unity.collections/Unity.Collections/xxHash3.cs
 0.1 kb	 0.0% Packages/com.unity.collections/Unity.Collections/Unicode.cs
 0.1 kb	 0.0% Packages/com.unity.collections/Unity.Collections/Memory.cs
 0.1 kb	 0.0% Packages/com.unity.collections/Unity.Collections/Jobs/IJobFilter.cs
 0.1 kb	 0.0% Packages/com.unity.collections/Unity.Collections/BitField.cs
 0.1 kb	 0.0% Packages/com.unity.burst/Runtime/NoAliasAttribute.cs
 0.1 kb	 0.0% Packages/com.unity.burst/Runtime/FunctionPointer.cs
 0.1 kb	 0.0% Packages/com.unity.burst/Runtime/Editor/BurstLoader.cs
 0.1 kb	 0.0% Packages/com.unity.burst/Runtime/CompilerServices/Constant.cs
 0.1 kb	 0.0% Packages/com.unity.burst/Runtime/CompilerServices/Aliasing.cs
 0.1 kb	 0.0% Packages/com.unity.burst/Runtime/BurstString.Float.cs
 0.1 kb	 0.0% Packages/com.unity.burst/Runtime/BurstCompiler.cs
 0.1 kb	 0.0% Packages/com.unity.ai.navigation/Runtime/HelpUrls.cs
 0.1 kb	 0.0% Packages/com.unity.2d.animation/IK/Runtime/Solvers/FABRIK2D.cs
 0.1 kb	 0.0% Packages/com.unity.2d.animation/IK/Runtime/Solvers/CCD2D.cs
 0.1 kb	 0.0% Packages/com.unity.2d.animation/IK/Runtime/Solver2D.cs
 0.1 kb	 0.0% Assets/Resources/Scripts/Zombies/TestZombieSpawner.cs
 0.1 kb	 0.0% Assets/Resources/Scripts/UI/SeedPacketFactory.cs
 0.1 kb	 0.0% Assets/Resources/Scripts/UI/MainMenuController.cs
 0.1 kb	 0.0% Assets/Resources/Scripts/UI/GameplayPauseMenu.cs
 0.1 kb	 0.0% Assets/Resources/Scripts/Plants/Util/DetectZombieRegion.cs
 0.1 kb	 0.0% Assets/Resources/Scripts/Plants/Squash/SquashDetectRegion.cs
 0.1 kb	 0.0% Assets/Resources/Scripts/Plants/ImportedPlantRuntime.cs
 0.1 kb	 0.0% Assets/Resources/Scripts/Plants/FireWallNutFusion.cs
 0.1 kb	 0.0% Assets/Resources/Scripts/Planting/PlantingManagement.cs
 0.1 kb	 0.0% Assets/Resources/Scripts/Net/ZombieCommanderUI.cs
 0.1 kb	 0.0% Assets/Resources/Scripts/Arena/GargantuarArena.cs
 0.1 kb	 0.0% Assets/Resources/Scripts/AI/GameStateSnapshot.cs
 0.1 kb	 0.0% Assets/Resources/Scripts/AI/GameStateCollector.cs
 0.1 kb	 0.0% Assets/Resources/Scripts/AI/AIServiceConnector.cs
 0.1 kb	 0.0% Packages/com.unity.ugui/Runtime/UGUI/UI/Core/Culling/IClipRegion.cs
 0.1 kb	 0.0% Packages/com.unity.ugui/Runtime/TMP/TextMeshPro.cs
 0.1 kb	 0.0% Packages/com.unity.ugui/Runtime/TMP/TMP_TextInfo.cs
 0.1 kb	 0.0% Packages/com.unity.ugui/Runtime/TMP/TMP_SubMesh.cs
 0.1 kb	 0.0% Packages/com.unity.ugui/Runtime/TMP/TMP_Style.cs
 0.1 kb	 0.0% Packages/com.unity.ugui/Runtime/TMP/TMP_Sprite.cs
 0.1 kb	 0.0% Packages/com.unity.ugui/Runtime/TMP/TMP_Settings.cs
 0.1 kb	 0.0% Packages/com.unity.ugui/Runtime/TMP/TMP_MeshInfo.cs
 0.1 kb	 0.0% Packages/com.unity.ugui/Runtime/TMP/TMP_LineInfo.cs
 0.1 kb	 0.0% Packages/com.unity.ugui/Runtime/TMP/TMP_Dropdown.cs
 0.1 kb	 0.0% Packages/com.unity.ugui/Runtime/TMP/TMP_Asset.cs
 0.1 kb	 0.0% Packages/com.unity.ugui/Runtime/TMP/FastAction.cs
 0.1 kb	 0.0% Packages/com.unity.timeline/Runtime/ObjectId.cs
 0.1 kb	 0.0% Packages/com.unity.timeline/Runtime/Events/Marker.cs
 0.1 kb	 0.0% Packages/com.unity.timeline/Runtime/Events/IMarker.cs
 0.1 kb	 0.0% Packages/com.unity.burst/Runtime/Intrinsics/Common.cs
 0.1 kb	 0.0% Packages/com.unity.burst/Runtime/Intrinsics/Arm/NEON_ctor.cs
 0.1 kb	 0.0% Packages/com.unity.burst/Runtime/Intrinsics/Arm/NEON_AArch64.cs
 0.1 kb	 0.0% Packages/com.unity.ugui/Runtime/UGUI/UI/Core/VertexModifiers/Shadow.cs
 0.1 kb	 0.0% Packages/com.unity.ugui/Runtime/UGUI/UI/Core/VertexModifiers/Outline.cs
 0.1 kb	 0.0% Packages/com.unity.ugui/Runtime/UGUI/UI/Core/Toggle.cs
 0.1 kb	 0.0% Packages/com.unity.ugui/Runtime/UGUI/UI/Core/Slider.cs
 0.1 kb	 0.0% Packages/com.unity.ugui/Runtime/UGUI/UI/Core/RawImage.cs
 0.1 kb	 0.0% Packages/com.unity.ugui/Runtime/UGUI/UI/Core/Image.cs
 0.1 kb	 0.0% Packages/com.unity.ugui/Runtime/UGUI/UI/Core/IMask.cs
 0.1 kb	 0.0% Packages/com.unity.ugui/Runtime/UGUI/UI/Core/Graphic.cs
 0.1 kb	 0.0% Packages/com.unity.ugui/Runtime/UGUI/UI/Core/FontData.cs
 0.1 kb	 0.0% Packages/com.unity.ugui/Runtime/UGUI/UI/Core/Dropdown.cs
 0.1 kb	 0.0% Packages/com.unity.ugui/Runtime/UGUI/UI/Core/Culling/Clipping.cs
 0.1 kb	 0.0% Packages/com.unity.ugui/Runtime/UGUI/UI/Core/Button.cs
 0.1 kb	 0.0% Packages/com.unity.burst/Runtime/SharedStatic.cs
 0.1 kb	 0.0% Packages/com.unity.burst/Runtime/Intrinsics/x86/Ssse3.cs
 0.1 kb	 0.0% Packages/com.unity.burst/Runtime/Intrinsics/x86/Sse4_2.cs
 0.1 kb	 0.0% Packages/com.unity.burst/Runtime/Intrinsics/x86/Sse4_1.cs
 0.1 kb	 0.0% Packages/com.unity.burst/Runtime/Intrinsics/x86/Popcnt.cs
 0.1 kb	 0.0% Packages/com.unity.burst/Runtime/Intrinsics/x86/Common.cs
 0.1 kb	 0.0% Packages/com.unity.burst/Runtime/CompilerServices/Hint.cs
 0.1 kb	 0.0% Packages/com.unity.burst/Runtime/BurstString.cs
 0.1 kb	 0.0% Packages/com.unity.burst/Runtime/BurstRuntime.cs
 0.1 kb	 0.0% Packages/com.unity.2d.animation/IK/Runtime/Solvers/Limb.cs
 0.1 kb	 0.0% Assets/Resources/Scripts/Zombies/ZombieManagement.cs
 0.1 kb	 0.0% Assets/Resources/Scripts/Zombies/IceBlockZombie.cs
 0.1 kb	 0.0% Assets/Resources/Scripts/Zombies/ChineseZombie.cs
 0.1 kb	 0.0% Assets/Resources/Scripts/UI/EffectController.cs
 0.1 kb	 0.0% Assets/Resources/Scripts/UI/DecreasingSlider.cs
 0.1 kb	 0.0% Assets/Resources/Scripts/UI/BGMusicControl.cs
 0.1 kb	 0.0% Assets/Resources/Scripts/Sun/SunManagement.cs
 0.1 kb	 0.0% Assets/Resources/Scripts/Plants/TorchWood/WarmPlantRegion.cs
 0.1 kb	 0.0% Assets/Resources/Scripts/Plants/Squash/SquashForDialog.cs
 0.1 kb	 0.0% Assets/Resources/Scripts/Plants/PeaShooterSingle.cs
 0.1 kb	 0.0% Assets/Resources/Scripts/Plants/MultiImagePlant.cs
 0.1 kb	 0.0% Assets/Resources/Scripts/PlantBullets/ParasiticSeed.cs
 0.1 kb	 0.0% Assets/Resources/Scripts/PlantBullets/Base/StraightBullet.cs
 0.1 kb	 0.0% Assets/Resources/Scripts/Net/NetZombieView.cs
 0.1 kb	 0.0% Assets/Resources/Scripts/GameManagement/LevelController.cs
 0.1 kb	 0.0% Assets/Resources/Scripts/GameManagement/Level5Controller.cs
 0.1 kb	 0.0% Assets/Resources/Scripts/GameManagement/Level4Controller.cs
 0.1 kb	 0.0% Assets/Resources/Scripts/GameManagement/Level3Controller.cs
 0.1 kb	 0.0% Assets/Resources/Scripts/GameManagement/Level2Controller.cs
 0.1 kb	 0.0% Assets/Resources/Scripts/GameManagement/Level1Controller.cs
 0.1 kb	 0.0% Assets/Resources/Scripts/GameManagement/Level0Controller.cs
 0.1 kb	 0.0% Assets/Resources/Scripts/GameManagement/GameManagement.cs
 0.1 kb	 0.0% Packages/com.unity.ugui/Runtime/TMP/TMP_Text.cs
 0.1 kb	 0.0% Packages/com.unity.burst/Runtime/Intrinsics/x86/Sse3.cs
 0.1 kb	 0.0% Packages/com.unity.burst/Runtime/Intrinsics/x86/Sse2.cs
 0.1 kb	 0.0% Packages/com.unity.burst/Runtime/Intrinsics/x86/Sse.cs
 0.1 kb	 0.0% Packages/com.unity.burst/Runtime/Intrinsics/x86/Fma.cs
 0.1 kb	 0.0% Packages/com.unity.burst/Runtime/Intrinsics/x86/F16C.cs
 0.1 kb	 0.0% Packages/com.unity.burst/Runtime/Intrinsics/x86/Csr.cs
 0.1 kb	 0.0% Packages/com.unity.burst/Runtime/Intrinsics/x86/Bmi2.cs
 0.1 kb	 0.0% Packages/com.unity.burst/Runtime/Intrinsics/x86/Bmi1.cs
 0.1 kb	 0.0% Packages/com.unity.burst/Runtime/Intrinsics/x86/Avx2.cs
 0.1 kb	 0.0% Packages/com.unity.burst/Runtime/Intrinsics/x86/Avx.cs
 0.1 kb	 0.0% Packages/com.unity.burst/Runtime/Intrinsics/v64.cs
 0.1 kb	 0.0% Packages/com.unity.burst/Runtime/Intrinsics/v256.cs
 0.1 kb	 0.0% Packages/com.unity.burst/Runtime/Intrinsics/v128.cs
 0.1 kb	 0.0% Packages/com.unity.burst/Runtime/Intrinsics/Arm/NEON.cs
 0.1 kb	 0.0% Packages/com.unity.ugui/Runtime/UGUI/UI/Core/Text.cs
 0.1 kb	 0.0% Packages/com.unity.ugui/Runtime/UGUI/UI/Core/Misc.cs
 0.1 kb	 0.0% Packages/com.unity.ugui/Runtime/UGUI/UI/Core/Mask.cs
 0.1 kb	 0.0% Assets/Resources/Scripts/Zombies/YetiZombie.cs
 0.1 kb	 0.0% Assets/Resources/Scripts/Zombies/SnowZombie.cs
 0.1 kb	 0.0% Assets/Resources/Scripts/Zombies/NormalZombie.cs
 0.1 kb	 0.0% Assets/Resources/Scripts/Zombies/IceShield.cs
 0.1 kb	 0.0% Assets/Resources/Scripts/Zombies/ConeZombie.cs
 0.1 kb	 0.0% Assets/Resources/Scripts/Zombies/BucketZombie.cs
 0.1 kb	 0.0% Assets/Resources/Scripts/Zombies/BoneZombie.cs
 0.1 kb	 0.0% Assets/Resources/Scripts/UI/UIManagement.cs
 0.1 kb	 0.0% Assets/Resources/Scripts/UI/SpeechBubble.cs
 0.1 kb	 0.0% Assets/Resources/Scripts/UI/MotionPanel.cs
 0.1 kb	 0.0% Assets/Resources/Scripts/UI/Dialog/DialogLevel4.cs
 0.1 kb	 0.0% Assets/Resources/Scripts/UI/Dialog/DialogLevel3.cs
 0.1 kb	 0.0% Assets/Resources/Scripts/UI/Dialog/DialogLevel2.cs
 0.1 kb	 0.0% Assets/Resources/Scripts/UI/Dialog/DialogLevel1.cs
 0.1 kb	 0.0% Assets/Resources/Scripts/UI/Dialog/DialogLevel0.cs
 0.1 kb	 0.0% Assets/Resources/Scripts/UI/CrazyDave.cs
 0.1 kb	 0.0% Assets/Resources/Scripts/Sun/SunNumber.cs
 0.1 kb	 0.0% Assets/Resources/Scripts/Sun/FlowerSun.cs
 0.1 kb	 0.0% Assets/Resources/Scripts/Plants/TorchWood/TorchWood.cs
 0.1 kb	 0.0% Assets/Resources/Scripts/Plants/SunFlower.cs
 0.1 kb	 0.0% Assets/Resources/Scripts/Plants/SnowKing/SnowKingSong.cs
 0.1 kb	 0.0% Assets/Resources/Scripts/Planting/ToBePlanted.cs
 0.1 kb	 0.0% Assets/Resources/Scripts/Planting/PlantGrid.cs
 0.1 kb	 0.0% Assets/Resources/Scripts/PlantBullets/LeafKnife.cs
 0.1 kb	 0.0% Assets/Resources/Scripts/PlantBullets/Base/ThrowBullet.cs
 0.1 kb	 0.0% Assets/Resources/Scripts/Net/NetTransport.cs
 0.1 kb	 0.0% Assets/Resources/Scripts/Net/NetSession.cs
 0.1 kb	 0.0% Assets/Resources/Scripts/Net/NetMessage.cs
 0.1 kb	 0.0% Assets/Resources/Scripts/Net/NetManager.cs
 0.1 kb	 0.0% Assets/Resources/Scripts/Net/NetLobbyUI.cs
 0.1 kb	 0.0% Assets/Resources/Scripts/Net/NetGameplay.cs
 0.1 kb	 0.0% Assets/Resources/Scripts/GameManagement/LevelData.cs
 0.1 kb	 0.0% Assets/Resources/Scripts/Arena/ArenaCombat.cs
 0.1 kb	 0.0% Assets/Resources/Scripts/AI/AIAdvisorUI.cs
 0.1 kb	 0.0% Assets/Resources/Scripts/Arena/ArenaAudio.cs
 0.1 kb	 0.0% Assets/Resources/Scripts/Zombies/Zombie.cs
 0.1 kb	 0.0% Assets/Resources/Scripts/Zombies/Ghost.cs
 0.1 kb	 0.0% Assets/Resources/Scripts/UI/EndMenu.cs
 0.1 kb	 0.0% Assets/Resources/Scripts/UI/Caption.cs
 0.1 kb	 0.0% Assets/Resources/Scripts/Sun/SunBase.cs
 0.1 kb	 0.0% Assets/Resources/Scripts/Sun/SkySun.cs
 0.1 kb	 0.0% Assets/Resources/Scripts/Plants/WallNut.cs
 0.1 kb	 0.0% Assets/Resources/Scripts/Plants/SunNut.cs
 0.1 kb	 0.0% Assets/Resources/Scripts/Plants/Squash/Squash.cs
 0.1 kb	 0.0% Assets/Resources/Scripts/Plants/SnowKing/SnowKing.cs
 0.1 kb	 0.0% Assets/Resources/Scripts/Plants/Plant.cs
 0.1 kb	 0.0% Assets/Resources/Scripts/Plants/MiaoMiao.cs
 0.1 kb	 0.0% Assets/Resources/Scripts/Planting/Shovel.cs
 0.1 kb	 0.0% Assets/Resources/Scripts/PlantBullets/FirePea.cs
 0.1 kb	 0.0% Assets/Resources/Scripts/Others/Winter.cs
 0.1 kb	 0.0% Assets/Resources/Scripts/UI/Card.cs
 0.1 kb	 0.0% Assets/Resources/PerformanceTestRunSettings.json
-------------------------------------------------------------------------------
Unloading 0 Unused Serialized files (Serialized files now loaded: 0)
Unloading 40 unused Assets / (5.1 KB). Loaded Objects now: 4117.
Memory consumption went from 339.3 MB to 339.3 MB.
Total: 7.605000 ms (FindLiveObjects: 0.223600 ms CreateObjectMapping: 0.365300 ms MarkObjects: 6.908000 ms  DeleteObjects: 0.106700 ms)

DisplayProgressNotification: Build Successful
Build Finished, Result: Success.
Total cache size 63332140
Total cache size after purge 63332140, took 00:00:00.3220156
##utp:{"success":true,"type":"PlayerBuildInfo","version":2,"phase":"Immediate","time":1789287850755,"processId":2224,"steps":[{"description":"Preprocess Player","duration":34},{"description":"Prepare For Build","duration":8},{"description":"ProducePlayerScriptAssemblies","duration":9036},{"description":"Verify Build setup","duration":156},{"description":"Prepare assets for target platform","duration":2},{"description":"Prepare splash screen","duration":6},{"description":"Build scripts DLLs","duration":91},{"description":"Building scenes","duration":9930},{"description":"Build GlobalGameManagers file","duration":133},{"description":"Writing asset files","duration":3325},{"description":"Building Resources/unity_builtin_extra","duration":393},{"description":"Write data build dirty tracking information","duration":229},{"description":"Postprocess built player","duration":8059}],"duration":31402}
Unloading 0 Unused Serialized files (Serialized files now loaded: 0)
Loaded scene 'Temp/__Backupscenes/0.backup'
	Deserialize:            0.467 ms
	Integration:            176.694 ms
	Integration of assets:  0.002 ms
	Thread Wait Time:       0.013 ms
	Total Operation Time:   177.176 ms
Unloading 0 unused Assets / (2.8 KB). Loaded Objects now: 4112.
Memory consumption went from 339.3 MB to 339.3 MB.
Total: 6.785400 ms (FindLiveObjects: 0.249300 ms CreateObjectMapping: 0.385000 ms MarkObjects: 6.140500 ms  DeleteObjects: 0.009600 ms)

Build xong: E:/Document/Game/pvz2_fusion/Build/PvZ2Fusion/PvZ2Fusion.exe · 441 MB · 00:00:32.0816139
UnityEngine.Debug:ExtractStackTraceNoAlloc (byte*,int,string)
UnityEngine.StackTraceUtility:ExtractStackTrace ()
UnityEngine.DebugLogHandler:Internal_Log (UnityEngine.LogType,UnityEngine.LogOption,string,UnityEngine.Object)
UnityEngine.DebugLogHandler:LogFormat (UnityEngine.LogType,UnityEngine.Object,string,object[])
UnityEngine.Logger:Log (UnityEngine.LogType,object)
UnityEngine.Debug:Log (object)
BuildTools:Build (string) (at Assets/Editor/BuildTools.cs:70)
BuildTools:BuildWindows () (at Assets/Editor/BuildTools.cs:34)

(Filename: Assets/Editor/BuildTools.cs Line: 70)

MonoPathRemapper: Attempts to remap: 33460; Successful remaps: 1602
Serialized file version minimum: 23, current 23
[Physics::Module] Cleanup current backend.
[Physics::Module] Id: 0xf2b8ea05
Input System module state changed to: ShutdownInProgress.
Input Polling Thread exited.
Input System module state changed to: Shutdown.
[Licensing::IpcConnector] LicenseClient-quanla-notifications channel disconnected successfully.
[Licensing::IpcConnector] LicenseClient-quanla channel disconnected successfully.
Lingering sessions upon destruction of worker manager
AcceleratorClientConnectionCallback - disconnected - :0
Cleanup mono
CodeReloadManager destroyed
Checking for leaked weakptr:
  Found no leaked weakptrs.
[Package Manager] Server process was shutdown
Internal: There are remaining Allocations on the JobTempAlloc. This is a leak, and will impact performance
To Debug, run app with -diag-job-temp-memory-leak-validation cmd line argument. This will output the callstacks of the leaked allocations.
Internal: There are remaining Allocations on the JobTempAlloc. This is a leak, and will impact performance
To Debug, run app with -diag-job-temp-memory-leak-validation cmd line argument. This will output the callstacks of the leaked allocations.
##utp:{"type":"MemoryLeaks","version":2,"phase":"Immediate","time":1789287852974,"processId":2224,"allocatedMemory":17413021,"memoryLabels":[{"Default":222831},{"Permanent":15516},{"NewDelete":69187},{"Thread":4197560},{"Manager":32709},{"VertexData":8},{"Geometry":816},{"Texture":24},{"Shader":850609},{"Material":24},{"GfxDevice":55328},{"Animation":5816},{"Audio":968},{"FreeType":8},{"FontEngine":736},{"Physics":2146},{"Physics2D":16},{"Serialization":475296},{"Input":42840},{"JobScheduler":256},{"TextLib":280},{"Mono":48},{"ScriptingNativeRuntime":1555096},{"BaseObject":1622472},{"Resource":1208},{"Renderer":3080},{"Transform":4685},{"File":9951},{"WebCam":616},{"Culling":32},{"Terrain":11442},{"Wind":24},{"STL":40},{"String":40082},{"StaticString":3808},{"Utility":2673238},{"Curl":2478},{"PoolAlloc":2216},{"AI":80},{"TypeTree":14869},{"CodeReload":448},{"RuntimeInitializeOnLoadManager":64},{"Sprites":102},{"SpriteAtlas":120},{"GI":7816},{"Director":3432},{"CloudService":14408},{"WebRequest":4437},{"VR":47114},{"SceneManager":608},{"Video":64},{"LazyScriptCache":32},{"Camera":17},{"Secure":2377},{"SerializationCache":1576},{"APIUpdating":10320},{"Subsystems":336},{"VirtualTexturing":57888},{"StaticSafetyDebugInfo":278528},{"Analytics":552},{"Hierarchy":1176},{"UIElements":72},{"CoreStats":13688},{"Identifiers":6768},{"Gui":128},{"EditorUtility":112343},{"VersionControl":8},{"Undo":931},{"AssetDatabase":4872794},{"AssetImporter":40},{"EditorGi":328},{"UnityConnect":38905},{"Upm":1912},{"UpmDiagnostics":8},{"AssetCompliance":64},{"DrivenProperties":72},{"LocalIPC":212},{"ProfilerEditor":9746},{"CoreBusinessMetrics":3500},{"Windowing":456},{"Licensing":1232},{"AssetReference":32},{"IPCStream":32}]}
Internal: There are remaining Allocations on the JobTempAlloc. This is a leak, and will impact performance
To Debug, run app with -diag-job-temp-memory-leak-validation cmd line argument. This will output the callstacks of the leaked allocations.
